-- Script de Datos de Prueba (Mock Data)
-- Generado automáticamente por generate_mock_data.py
-- Fecha de simulación: 2026-05-01 12:00:00
-- CONTRASENA PARA TODOS LOS USUARIOS: 123456

USE db_appvotaciones;

-- Limpiamos las tablas (opcional)
SET FOREIGN_KEY_CHECKS = 0;
TRUNCATE TABLE votos_anonimos;
TRUNCATE TABLE votos_registrados;
TRUNCATE TABLE opciones;
TRUNCATE TABLE votaciones;
TRUNCATE TABLE organizacion_solicitudes;
TRUNCATE TABLE organizacion_miembros;
TRUNCATE TABLE organizaciones;
TRUNCATE TABLE usuarios;
SET FOREIGN_KEY_CHECKS = 1;

-- 1. ORGANIZACIONES
INSERT INTO organizaciones (id, nombre, descripcion, sede_ciudad, codigo_unico, creado_por, fecha_creacion) VALUES (1, 'Universidad de Informática', 'Universidad pública líder en estudios de computación y tecnología.', 'Madrid', 'UNI001', 5, '2025-05-27 12:00:00');
INSERT INTO organizaciones (id, nombre, descripcion, sede_ciudad, codigo_unico, creado_por, fecha_creacion) VALUES (2, 'Ayuntamiento de Madrid', 'Administración municipal de la capital de España.', 'Madrid', 'MAD002', 6, '2025-08-24 12:00:00');
INSERT INTO organizaciones (id, nombre, descripcion, sede_ciudad, codigo_unico, creado_por, fecha_creacion) VALUES (3, 'Sindicato de Trabajadores', 'Sindicato que representa a trabajadores de diversos sectores.', 'Barcelona', 'SIN003', 2, '2026-01-23 12:00:00');
INSERT INTO organizaciones (id, nombre, descripcion, sede_ciudad, codigo_unico, creado_por, fecha_creacion) VALUES (4, 'Club Deportivo Triatlón', 'Club deportivo especializado en pruebas de triatlón.', 'Sevilla', 'CDT004', 3, '2026-01-09 12:00:00');
INSERT INTO organizaciones (id, nombre, descripcion, sede_ciudad, codigo_unico, creado_por, fecha_creacion) VALUES (5, 'Tech Solutions SL', 'Empresa de desarrollo de software y soluciones digitales.', 'Valencia', 'TCH005', 1, '2025-07-08 12:00:00');
INSERT INTO organizaciones (id, nombre, descripcion, sede_ciudad, codigo_unico, creado_por, fecha_creacion) VALUES (6, 'Asociación Vecinos Los Pinos', 'Comunidad vecinal del bloque 4 en el barrio de Los Pinos.', 'Bilbao', 'VEC006', 6, '2025-07-27 12:00:00');
INSERT INTO organizaciones (id, nombre, descripcion, sede_ciudad, codigo_unico, creado_por, fecha_creacion) VALUES (7, 'Fundación Cultural Levante', 'Fundación dedicada a promover las artes en el Levante.', 'Valencia', 'FCL007', 1, '2025-11-21 12:00:00');
INSERT INTO organizaciones (id, nombre, descripcion, sede_ciudad, codigo_unico, creado_por, fecha_creacion) VALUES (8, 'Cooperativa Agrícola Andaluza', 'Cooperativa de agricultores en la provincia de Córdoba.', 'Córdoba', 'AGR008', 1, '2026-04-05 12:00:00');

-- 2. USUARIOS
INSERT INTO usuarios (dni_hash, password, nombre, apellidos, email, num_telefono, provincia, ciudad, rol) VALUES ('461f44b73568297d273d7a1d281140cceb43217e5cd1eda6b3064a9fd8d45d8d', '$2b$10$HYl.cR7zwtS.QFtw.18E0u0xIhukj1B4DfpsJ5cDvSosIa71gD/7q', 'Carlos', 'Gómez', '602276@ejemplo.com', '700265774', 'Madrid', 'Madrid', 'admin_gobierno');
INSERT INTO usuarios (dni_hash, password, nombre, apellidos, email, num_telefono, provincia, ciudad, rol) VALUES ('f14e50f1cb2be1fc9f6c78e30fb77ac1d49b1cc52fe3d2e3234d01f85de69e46', '$2b$10$zs1Tu6ECyoowbOYqLMtcxe8v5pqvB6SkdZNFayGvN.ohYWYLlFIwG', 'Laura', 'Pérez', '428714@ejemplo.com', '713332041', 'Valencia', 'Valencia', 'admin_gobierno');
INSERT INTO usuarios (dni_hash, password, nombre, apellidos, email, num_telefono, provincia, ciudad, rol) VALUES ('ae8ceb90c23a59d592f3fade1a76243803cc6cbea5f784ee2e43224e4370f7d9', '$2b$10$3OuY5deKtNtzRLVug6EWSOYhPb/SDf.aIDAbOcYY/DYXa7/mlQXpe', 'Miguel', 'Sánchez', '902683@ejemplo.com', '679883481', 'Andalucía', 'Sevilla', 'admin_gobierno');
INSERT INTO usuarios (dni_hash, password, nombre, apellidos, email, num_telefono, provincia, ciudad, rol) VALUES ('167f8775f3ddd809917c33dc88e477ce67ab70a7a2864f21afe8f7ee9240c6df', '$2b$10$01ASvTX8cZvruJfiNg7sp.Tuy0z13ZT2bCCHv0Z0rRori8lK28l1O', 'Luis', 'Fernández', '367606@ejemplo.com', '739656872', 'Madrid', 'Madrid', 'admin_privado');
INSERT INTO usuarios (dni_hash, password, nombre, apellidos, email, num_telefono, provincia, ciudad, rol) VALUES ('8fd8397290655f23df1f3b006a2fc3b7b2ab4f6a773ebd63da659f018a7c0fdd', '$2b$10$23WmQbjIpibInAoGUiTM9u721/zX8s5xB5.Tcqx7muk8oOs3.gXA.', 'Marta', 'Jiménez', '032298@ejemplo.com', '786117574', 'Valencia', 'Alicante', 'admin_privado');
INSERT INTO usuarios (dni_hash, password, nombre, apellidos, email, num_telefono, provincia, ciudad, rol) VALUES ('9f39ea72f0c2fd08ecad096b4e65be329434a3856e8556be9d2d5e6f022a8bd8', '$2b$10$Nvhu3J3AVHD1d1xrJVcDRu1Vijuyvhj2VL5NdxUbHjcYa0JK9fOb.', 'Elena', 'Ruiz', '539147@ejemplo.com', '674039598', 'Andalucía', 'Sevilla', 'admin_privado');
INSERT INTO usuarios (dni_hash, password, nombre, apellidos, email, num_telefono, provincia, ciudad, rol) VALUES ('c517ff177c565d82abeb1a8b428dba89cafee007ad915be032dcef242304adff', '$2b$10$orV8OwvckRFLzxkG0T05xOl5Ja7RxmidEv.8yI1vLMHBee3EjdBta', 'Jorge', 'Martín', '076526@ejemplo.com', '707797516', 'Madrid', 'Madrid', 'admin_privado');
INSERT INTO usuarios (dni_hash, password, nombre, apellidos, email, num_telefono, provincia, ciudad, rol) VALUES ('471a8cf3107a1ce218b17881c636d46bf5a2a07ff629c2745da3bad7ce8654ce', '$2b$10$iP5aK6A80I.1m0W9.eK29O5.yUbYISShwA/Y9pPYVSdTgo0ZnAPpm', 'Victoria Vanesa Montalbán Herranz', 'Donaire Comas', '851319@ejemplo.com', '741398225', 'Madrid', 'Madrid', 'votante');
INSERT INTO usuarios (dni_hash, password, nombre, apellidos, email, num_telefono, provincia, ciudad, rol) VALUES ('cdaca061fccf5e84cccf0b51971a4346902f37da4aada84307da550fd1450e13', '$2b$10$LGpGX8BiPMAmaP/NxEXbF.b6spScf/SUxgXvuw9n8RajY660cFukG', 'Clímaco Santiago Patiño Canet', 'Navarro Cánovas', '078951@ejemplo.com', '628425723', 'Madrid', 'Madrid', 'votante');
INSERT INTO usuarios (dni_hash, password, nombre, apellidos, email, num_telefono, provincia, ciudad, rol) VALUES ('476596a2eabf71edd0c50761318fdf902717d55fdc1ef36251ab4bba38a0b59d', '$2b$10$2rXkVne2dUZMXNL0GauB8.Y4f0tnHHjeHFlpB6cKNZAvg1zqLdcEW', 'María Teresa Margarita Pedraza Cases', 'Solana Arellano', '964512@ejemplo.com', '650700035', 'Valencia', 'Alicante', 'votante');
INSERT INTO usuarios (dni_hash, password, nombre, apellidos, email, num_telefono, provincia, ciudad, rol) VALUES ('386738dbf5460de6fa741dfc5f0120207f891da16aa9d61eb707b99020aa015e', '$2b$10$k3YEkywF.CL6FiP/3z3lgu6.0Loi9AC/39Q/XKm3vsmBDF0ZXBnpW', 'Gaspar Manuel Ángel Plaza', 'Fuente Solano', '245785@ejemplo.com', '710444769', 'Valencia', 'Alicante', 'votante');
INSERT INTO usuarios (dni_hash, password, nombre, apellidos, email, num_telefono, provincia, ciudad, rol) VALUES ('df36ed1b445ae833fa85e64d0af99bf0025a1ffa4dee254733b3e4d89116b75f', '$2b$10$6n877kHR8yaYkbeMguA6VOr0jnTlnVt3OCZycwomOP2mYNiZK18Sa', 'Elodia Carrera Casals', 'Grande Leal', '043821@ejemplo.com', '748088065', 'Andalucía', 'Sevilla', 'votante');
INSERT INTO usuarios (dni_hash, password, nombre, apellidos, email, num_telefono, provincia, ciudad, rol) VALUES ('71f840d0c047e9e570442dba57ac6ba1621dd0455e2d6ebd8fe4e131e28ef3cd', '$2b$10$9l.tD8ZY1au5nRkzdDoZneISuBjPMQhOpqt6zkJuNk1FzfMEnqY1y', 'Flor Vallés-Pina', 'Solana Rodríguez', '007244@ejemplo.com', '639274499', 'Andalucía', 'Sevilla', 'votante');

-- 3. ORGANIZACION_MIEMBROS
INSERT INTO organizacion_miembros (organizacion_id, usuario_id, es_admin, fecha_ingreso) VALUES (4, 2, FALSE, '2025-04-24 12:00:00');
INSERT INTO organizacion_miembros (organizacion_id, usuario_id, es_admin, fecha_ingreso) VALUES (6, 2, FALSE, '2025-11-30 12:00:00');
INSERT INTO organizacion_miembros (organizacion_id, usuario_id, es_admin, fecha_ingreso) VALUES (2, 3, FALSE, '2025-06-30 12:00:00');
INSERT INTO organizacion_miembros (organizacion_id, usuario_id, es_admin, fecha_ingreso) VALUES (1, 4, TRUE, '2025-12-10 12:00:00');
INSERT INTO organizacion_miembros (organizacion_id, usuario_id, es_admin, fecha_ingreso) VALUES (6, 4, TRUE, '2026-02-13 12:00:00');
INSERT INTO organizacion_miembros (organizacion_id, usuario_id, es_admin, fecha_ingreso) VALUES (6, 5, TRUE, '2026-03-09 12:00:00');
INSERT INTO organizacion_miembros (organizacion_id, usuario_id, es_admin, fecha_ingreso) VALUES (1, 6, TRUE, '2026-02-04 12:00:00');
INSERT INTO organizacion_miembros (organizacion_id, usuario_id, es_admin, fecha_ingreso) VALUES (1, 7, TRUE, '2026-01-26 12:00:00');
INSERT INTO organizacion_miembros (organizacion_id, usuario_id, es_admin, fecha_ingreso) VALUES (2, 8, FALSE, '2025-10-02 12:00:00');
INSERT INTO organizacion_miembros (organizacion_id, usuario_id, es_admin, fecha_ingreso) VALUES (7, 10, FALSE, '2026-03-13 12:00:00');
INSERT INTO organizacion_miembros (organizacion_id, usuario_id, es_admin, fecha_ingreso) VALUES (5, 11, FALSE, '2026-02-25 12:00:00');
INSERT INTO organizacion_miembros (organizacion_id, usuario_id, es_admin, fecha_ingreso) VALUES (1, 12, FALSE, '2026-02-05 12:00:00');
INSERT INTO organizacion_miembros (organizacion_id, usuario_id, es_admin, fecha_ingreso) VALUES (7, 12, FALSE, '2025-10-07 12:00:00');
INSERT INTO organizacion_miembros (organizacion_id, usuario_id, es_admin, fecha_ingreso) VALUES (6, 13, FALSE, '2025-08-24 12:00:00');

-- 4. ORGANIZACION_SOLICITUDES
INSERT INTO organizacion_solicitudes (organizacion_id, usuario_id, pide_ser_admin, estado, fecha_solicitud) VALUES (1, 10, TRUE, 'pendiente', '2026-04-01 12:00:00');
INSERT INTO organizacion_solicitudes (organizacion_id, usuario_id, pide_ser_admin, estado, fecha_solicitud) VALUES (1, 8, FALSE, 'pendiente', '2026-04-24 12:00:00');
INSERT INTO organizacion_solicitudes (organizacion_id, usuario_id, pide_ser_admin, estado, fecha_solicitud) VALUES (1, 3, FALSE, 'pendiente', '2026-04-30 12:00:00');
INSERT INTO organizacion_solicitudes (organizacion_id, usuario_id, pide_ser_admin, estado, fecha_solicitud) VALUES (2, 2, TRUE, 'pendiente', '2026-04-17 12:00:00');
INSERT INTO organizacion_solicitudes (organizacion_id, usuario_id, pide_ser_admin, estado, fecha_solicitud) VALUES (2, 10, FALSE, 'pendiente', '2026-04-12 12:00:00');
INSERT INTO organizacion_solicitudes (organizacion_id, usuario_id, pide_ser_admin, estado, fecha_solicitud) VALUES (8, 9, FALSE, 'pendiente', '2026-04-06 12:00:00');

-- 5. VOTACIONES
INSERT INTO votaciones (id_autor, titulo, descripcion, tipo, alcance, provincia_target, ciudad_target, id_grupo, fecha_inicio, fecha_final, fecha_creacion, cerrada, razon_cierre) VALUES (4, 'Elecciones Generales 2026', 'Elección de representantes al parlamento nacional', 'gubernamental', 'nacional', NULL, NULL, NULL, '2026-04-01 12:00:00', '2026-06-15 12:00:00', '2026-04-29 12:00:00', FALSE, NULL);
INSERT INTO votaciones (id_autor, titulo, descripcion, tipo, alcance, provincia_target, ciudad_target, id_grupo, fecha_inicio, fecha_final, fecha_creacion, cerrada, razon_cierre) VALUES (4, 'Presupuestos Participativos Centro', 'Elección del proyecto de zona verde en el distrito centro', 'gubernamental', 'local', 'Madrid', 'Madrid', NULL, '2026-04-21 12:00:00', '2026-05-31 12:00:00', '2026-04-25 12:00:00', FALSE, NULL);
INSERT INTO votaciones (id_autor, titulo, descripcion, tipo, alcance, provincia_target, ciudad_target, id_grupo, fecha_inicio, fecha_final, fecha_creacion, cerrada, razon_cierre) VALUES (5, 'Referéndum Ambiental Nacional', 'Consulta pública sobre políticas de sostenibilidad', 'gubernamental', 'nacional', NULL, NULL, NULL, '2026-04-26 12:00:00', '2026-06-30 12:00:00', '2026-04-21 12:00:00', FALSE, NULL);
INSERT INTO votaciones (id_autor, titulo, descripcion, tipo, alcance, provincia_target, ciudad_target, id_grupo, fecha_inicio, fecha_final, fecha_creacion, cerrada, razon_cierre) VALUES (5, 'Elección Delegado Provincial', 'Elección del delegado de gobierno provincial', 'gubernamental', 'provincial', 'Barcelona', NULL, NULL, '2026-04-16 12:00:00', '2026-05-21 12:00:00', '2026-04-25 12:00:00', FALSE, NULL);
INSERT INTO votaciones (id_autor, titulo, descripcion, tipo, alcance, provincia_target, ciudad_target, id_grupo, fecha_inicio, fecha_final, fecha_creacion, cerrada, razon_cierre) VALUES (6, 'Presupuestos Municipales Vallès', 'Decisión sobre inversión en infraestructuras locales', 'gubernamental', 'local', 'Barcelona', 'Badalona', NULL, '2026-04-11 12:00:00', '2026-05-26 12:00:00', '2026-04-29 12:00:00', FALSE, NULL);
INSERT INTO votaciones (id_autor, titulo, descripcion, tipo, alcance, provincia_target, ciudad_target, id_grupo, fecha_inicio, fecha_final, fecha_creacion, cerrada, razon_cierre) VALUES (5, 'Referéndum de Infraestructuras', 'Aprobación del presupuesto para el nuevo puente de cercanías', 'gubernamental', 'provincial', 'Valencia', NULL, NULL, '2026-01-10 09:00:00', '2026-01-20 20:00:00', '2026-04-26 12:00:00', FALSE, NULL);
INSERT INTO votaciones (id_autor, titulo, descripcion, tipo, alcance, provincia_target, ciudad_target, id_grupo, fecha_inicio, fecha_final, fecha_creacion, cerrada, razon_cierre) VALUES (4, 'Consultoría Nacional Energía', 'Decisión sobre transición energética nacional', 'gubernamental', 'nacional', NULL, NULL, NULL, '2026-02-01 09:00:00', '2026-02-14 20:00:00', '2026-04-22 12:00:00', FALSE, NULL);
INSERT INTO votaciones (id_autor, titulo, descripcion, tipo, alcance, provincia_target, ciudad_target, id_grupo, fecha_inicio, fecha_final, fecha_creacion, cerrada, razon_cierre) VALUES (6, 'Plan de Movilidad Sostenible', 'Elección de políticas de transporte público', 'gubernamental', 'nacional', NULL, NULL, NULL, '2026-02-15 09:00:00', '2026-02-28 20:00:00', '2026-04-26 12:00:00', FALSE, NULL);
INSERT INTO votaciones (id_autor, titulo, descripcion, tipo, alcance, provincia_target, ciudad_target, id_grupo, fecha_inicio, fecha_final, fecha_creacion, cerrada, razon_cierre) VALUES (5, 'Gestión del Agua Regional', 'Asignación de recursos hídricos para la agricultura', 'gubernamental', 'provincial', 'Murcia', NULL, NULL, '2026-03-01 09:00:00', '2026-03-15 20:00:00', '2026-04-24 12:00:00', FALSE, NULL);
INSERT INTO votaciones (id_autor, titulo, descripcion, tipo, alcance, provincia_target, ciudad_target, id_grupo, fecha_inicio, fecha_final, fecha_creacion, cerrada, razon_cierre) VALUES (6, 'Rehabilitación de Centros Educativos', 'Selección de prioridades para obras escolares', 'gubernamental', 'local', 'Sevilla', 'Sevilla', NULL, '2026-03-05 09:00:00', '2026-03-18 20:00:00', '2026-04-25 12:00:00', FALSE, NULL);
INSERT INTO votaciones (id_autor, titulo, descripcion, tipo, alcance, provincia_target, ciudad_target, id_grupo, fecha_inicio, fecha_final, fecha_creacion, cerrada, razon_cierre) VALUES (5, 'Turismo y Patrimonial Valenciano', 'Estrategia para promoción turística regional', 'gubernamental', 'provincial', 'Valencia', NULL, NULL, '2026-03-10 09:00:00', '2026-03-24 20:00:00', '2026-04-24 12:00:00', FALSE, NULL);
INSERT INTO votaciones (id_autor, titulo, descripcion, tipo, alcance, provincia_target, ciudad_target, id_grupo, fecha_inicio, fecha_final, fecha_creacion, cerrada, razon_cierre) VALUES (4, 'Mercados Municipales Centro', 'Modernización de mercados públicos históricos', 'gubernamental', 'local', 'Madrid', 'Madrid', NULL, '2026-03-15 09:00:00', '2026-03-29 20:00:00', '2026-04-26 12:00:00', FALSE, NULL);
INSERT INTO votaciones (id_autor, titulo, descripcion, tipo, alcance, provincia_target, ciudad_target, id_grupo, fecha_inicio, fecha_final, fecha_creacion, cerrada, razon_cierre) VALUES (7, 'Elección Representante Sindical', 'Votación interna para elegir delegado de personal', 'privada', NULL, NULL, NULL, NULL, '2026-04-29 12:00:00', '2026-05-15 12:00:00', '2026-04-22 12:00:00', FALSE, NULL);
INSERT INTO votaciones (id_autor, titulo, descripcion, tipo, alcance, provincia_target, ciudad_target, id_grupo, fecha_inicio, fecha_final, fecha_creacion, cerrada, razon_cierre) VALUES (7, 'Diseño de la Nueva Equipación', 'Elegir el color principal para la temporada 2026-2027', 'privada', NULL, NULL, NULL, NULL, '2026-05-01 12:00:00', '2026-05-31 12:00:00', '2026-04-28 12:00:00', FALSE, NULL);
INSERT INTO votaciones (id_autor, titulo, descripcion, tipo, alcance, provincia_target, ciudad_target, id_grupo, fecha_inicio, fecha_final, fecha_creacion, cerrada, razon_cierre) VALUES (7, 'Selección de Proveedores IT', 'Evaluación y elección de nuevas tecnologías', 'privada', NULL, NULL, NULL, NULL, '2026-04-24 12:00:00', '2026-05-22 12:00:00', '2026-04-27 12:00:00', FALSE, NULL);
INSERT INTO votaciones (id_autor, titulo, descripcion, tipo, alcance, provincia_target, ciudad_target, id_grupo, fecha_inicio, fecha_final, fecha_creacion, cerrada, razon_cierre) VALUES (7, 'Política de Teletrabajo', 'Decisión sobre modelo híbrido de trabajo', 'privada', NULL, NULL, NULL, NULL, '2026-04-28 12:00:00', '2026-06-10 12:00:00', '2026-04-24 12:00:00', FALSE, NULL);
INSERT INTO votaciones (id_autor, titulo, descripcion, tipo, alcance, provincia_target, ciudad_target, id_grupo, fecha_inicio, fecha_final, fecha_creacion, cerrada, razon_cierre) VALUES (7, 'Evento de Fin de Año', 'Elegir tema y ubicación para celebración anual', 'privada', NULL, NULL, NULL, NULL, '2026-04-26 12:00:00', '2026-06-05 12:00:00', '2026-04-24 12:00:00', FALSE, NULL);
INSERT INTO votaciones (id_autor, titulo, descripcion, tipo, alcance, provincia_target, ciudad_target, id_grupo, fecha_inicio, fecha_final, fecha_creacion, cerrada, razon_cierre) VALUES (7, 'Aprobación Derrama Fachada', 'Votación para aprobar el presupuesto de reparación', 'privada', NULL, NULL, NULL, NULL, '2026-02-15 10:00:00', '2026-02-28 20:00:00', '2026-04-28 12:00:00', FALSE, NULL);
INSERT INTO votaciones (id_autor, titulo, descripcion, tipo, alcance, provincia_target, ciudad_target, id_grupo, fecha_inicio, fecha_final, fecha_creacion, cerrada, razon_cierre) VALUES (7, 'Campaña de Vacunación Voluntaria', 'Programa de salud comunitaria', 'privada', NULL, NULL, NULL, NULL, '2026-01-05 09:00:00', '2026-01-18 20:00:00', '2026-04-21 12:00:00', FALSE, NULL);
INSERT INTO votaciones (id_autor, titulo, descripcion, tipo, alcance, provincia_target, ciudad_target, id_grupo, fecha_inicio, fecha_final, fecha_creacion, cerrada, razon_cierre) VALUES (7, 'Fiestas Vecinales', 'Planificación de celebraciones comunitarias', 'privada', NULL, NULL, NULL, NULL, '2026-03-01 09:00:00', '2026-03-14 20:00:00', '2026-04-21 12:00:00', FALSE, NULL);
INSERT INTO votaciones (id_autor, titulo, descripcion, tipo, alcance, provincia_target, ciudad_target, id_grupo, fecha_inicio, fecha_final, fecha_creacion, cerrada, razon_cierre) VALUES (7, 'Cronograma Reuniones Mensuales', 'Frecuencia de reuniones del equipo', 'privada', NULL, NULL, NULL, NULL, '2026-01-15 09:00:00', '2026-01-29 20:00:00', '2026-04-26 12:00:00', FALSE, NULL);
INSERT INTO votaciones (id_autor, titulo, descripcion, tipo, alcance, provincia_target, ciudad_target, id_grupo, fecha_inicio, fecha_final, fecha_creacion, cerrada, razon_cierre) VALUES (7, 'Selección Proveedores IT', 'Evaluación de nuevos partners tecnológicos', 'privada', NULL, NULL, NULL, NULL, '2026-02-01 09:00:00', '2026-02-15 20:00:00', '2026-04-24 12:00:00', FALSE, NULL);
INSERT INTO votaciones (id_autor, titulo, descripcion, tipo, alcance, provincia_target, ciudad_target, id_grupo, fecha_inicio, fecha_final, fecha_creacion, cerrada, razon_cierre) VALUES (7, 'Membresía Club Deportivo', 'Renovación de socios y cuota del año', 'privada', NULL, NULL, NULL, NULL, '2026-01-20 09:00:00', '2026-02-03 20:00:00', '2026-04-22 12:00:00', FALSE, NULL);
INSERT INTO votaciones (id_autor, titulo, descripcion, tipo, alcance, provincia_target, ciudad_target, id_grupo, fecha_inicio, fecha_final, fecha_creacion, cerrada, razon_cierre) VALUES (7, 'Política de Retención de Personal', 'Incentivos para equipo de ventas', 'privada', NULL, NULL, NULL, NULL, '2026-02-10 09:00:00', '2026-02-24 20:00:00', '2026-04-30 12:00:00', FALSE, NULL);

-- 6. OPCIONES
INSERT INTO opciones (id_votacion, nombre_opcion, desc_opcion) VALUES (1, 'Candidatura 1', 'Candidatura de la lista 1');
INSERT INTO opciones (id_votacion, nombre_opcion, desc_opcion) VALUES (1, 'Candidatura 2', 'Candidatura de la lista 2');
INSERT INTO opciones (id_votacion, nombre_opcion, desc_opcion) VALUES (1, 'Candidatura 3', 'Candidatura de la lista 3');
INSERT INTO opciones (id_votacion, nombre_opcion, desc_opcion) VALUES (1, 'Voto en Blanco', '');
INSERT INTO opciones (id_votacion, nombre_opcion, desc_opcion) VALUES (2, 'Candidatura 1', 'Candidatura de la lista 1');
INSERT INTO opciones (id_votacion, nombre_opcion, desc_opcion) VALUES (2, 'Candidatura 2', 'Candidatura de la lista 2');
INSERT INTO opciones (id_votacion, nombre_opcion, desc_opcion) VALUES (2, 'Candidatura 3', 'Candidatura de la lista 3');
INSERT INTO opciones (id_votacion, nombre_opcion, desc_opcion) VALUES (2, 'Voto en Blanco', '');
INSERT INTO opciones (id_votacion, nombre_opcion, desc_opcion) VALUES (3, 'Candidatura 1', 'Candidatura de la lista 1');
INSERT INTO opciones (id_votacion, nombre_opcion, desc_opcion) VALUES (3, 'Candidatura 2', 'Candidatura de la lista 2');
INSERT INTO opciones (id_votacion, nombre_opcion, desc_opcion) VALUES (3, 'Voto en Blanco', '');
INSERT INTO opciones (id_votacion, nombre_opcion, desc_opcion) VALUES (4, 'Candidatura 1', 'Candidatura de la lista 1');
INSERT INTO opciones (id_votacion, nombre_opcion, desc_opcion) VALUES (4, 'Candidatura 2', 'Candidatura de la lista 2');
INSERT INTO opciones (id_votacion, nombre_opcion, desc_opcion) VALUES (4, 'Candidatura 3', 'Candidatura de la lista 3');
INSERT INTO opciones (id_votacion, nombre_opcion, desc_opcion) VALUES (4, 'Voto en Blanco', '');
INSERT INTO opciones (id_votacion, nombre_opcion, desc_opcion) VALUES (5, 'Candidatura 1', 'Candidatura de la lista 1');
INSERT INTO opciones (id_votacion, nombre_opcion, desc_opcion) VALUES (5, 'Candidatura 2', 'Candidatura de la lista 2');
INSERT INTO opciones (id_votacion, nombre_opcion, desc_opcion) VALUES (5, 'Candidatura 3', 'Candidatura de la lista 3');
INSERT INTO opciones (id_votacion, nombre_opcion, desc_opcion) VALUES (5, 'Candidatura 4', 'Candidatura de la lista 4');
INSERT INTO opciones (id_votacion, nombre_opcion, desc_opcion) VALUES (5, 'Voto en Blanco', '');
INSERT INTO opciones (id_votacion, nombre_opcion, desc_opcion) VALUES (6, 'Candidatura 1', 'Candidatura de la lista 1');
INSERT INTO opciones (id_votacion, nombre_opcion, desc_opcion) VALUES (6, 'Candidatura 2', 'Candidatura de la lista 2');
INSERT INTO opciones (id_votacion, nombre_opcion, desc_opcion) VALUES (6, 'Candidatura 3', 'Candidatura de la lista 3');
INSERT INTO opciones (id_votacion, nombre_opcion, desc_opcion) VALUES (6, 'Candidatura 4', 'Candidatura de la lista 4');
INSERT INTO opciones (id_votacion, nombre_opcion, desc_opcion) VALUES (6, 'Voto en Blanco', '');
INSERT INTO opciones (id_votacion, nombre_opcion, desc_opcion) VALUES (7, 'Candidatura 1', 'Candidatura de la lista 1');
INSERT INTO opciones (id_votacion, nombre_opcion, desc_opcion) VALUES (7, 'Candidatura 2', 'Candidatura de la lista 2');
INSERT INTO opciones (id_votacion, nombre_opcion, desc_opcion) VALUES (7, 'Candidatura 3', 'Candidatura de la lista 3');
INSERT INTO opciones (id_votacion, nombre_opcion, desc_opcion) VALUES (7, 'Candidatura 4', 'Candidatura de la lista 4');
INSERT INTO opciones (id_votacion, nombre_opcion, desc_opcion) VALUES (7, 'Voto en Blanco', '');
INSERT INTO opciones (id_votacion, nombre_opcion, desc_opcion) VALUES (8, 'Candidatura 1', 'Candidatura de la lista 1');
INSERT INTO opciones (id_votacion, nombre_opcion, desc_opcion) VALUES (8, 'Candidatura 2', 'Candidatura de la lista 2');
INSERT INTO opciones (id_votacion, nombre_opcion, desc_opcion) VALUES (8, 'Candidatura 3', 'Candidatura de la lista 3');
INSERT INTO opciones (id_votacion, nombre_opcion, desc_opcion) VALUES (8, 'Voto en Blanco', '');
INSERT INTO opciones (id_votacion, nombre_opcion, desc_opcion) VALUES (9, 'Candidatura 1', 'Candidatura de la lista 1');
INSERT INTO opciones (id_votacion, nombre_opcion, desc_opcion) VALUES (9, 'Candidatura 2', 'Candidatura de la lista 2');
INSERT INTO opciones (id_votacion, nombre_opcion, desc_opcion) VALUES (9, 'Candidatura 3', 'Candidatura de la lista 3');
INSERT INTO opciones (id_votacion, nombre_opcion, desc_opcion) VALUES (9, 'Voto en Blanco', '');
INSERT INTO opciones (id_votacion, nombre_opcion, desc_opcion) VALUES (10, 'Candidatura 1', 'Candidatura de la lista 1');
INSERT INTO opciones (id_votacion, nombre_opcion, desc_opcion) VALUES (10, 'Candidatura 2', 'Candidatura de la lista 2');
INSERT INTO opciones (id_votacion, nombre_opcion, desc_opcion) VALUES (10, 'Candidatura 3', 'Candidatura de la lista 3');
INSERT INTO opciones (id_votacion, nombre_opcion, desc_opcion) VALUES (10, 'Voto en Blanco', '');
INSERT INTO opciones (id_votacion, nombre_opcion, desc_opcion) VALUES (11, 'Candidatura 1', 'Candidatura de la lista 1');
INSERT INTO opciones (id_votacion, nombre_opcion, desc_opcion) VALUES (11, 'Candidatura 2', 'Candidatura de la lista 2');
INSERT INTO opciones (id_votacion, nombre_opcion, desc_opcion) VALUES (11, 'Candidatura 3', 'Candidatura de la lista 3');
INSERT INTO opciones (id_votacion, nombre_opcion, desc_opcion) VALUES (11, 'Voto en Blanco', '');
INSERT INTO opciones (id_votacion, nombre_opcion, desc_opcion) VALUES (12, 'Candidatura 1', 'Candidatura de la lista 1');
INSERT INTO opciones (id_votacion, nombre_opcion, desc_opcion) VALUES (12, 'Candidatura 2', 'Candidatura de la lista 2');
INSERT INTO opciones (id_votacion, nombre_opcion, desc_opcion) VALUES (12, 'Candidatura 3', 'Candidatura de la lista 3');
INSERT INTO opciones (id_votacion, nombre_opcion, desc_opcion) VALUES (12, 'Candidatura 4', 'Candidatura de la lista 4');
INSERT INTO opciones (id_votacion, nombre_opcion, desc_opcion) VALUES (12, 'Voto en Blanco', '');
INSERT INTO opciones (id_votacion, nombre_opcion, desc_opcion) VALUES (13, 'Candidatura 1', 'Candidatura de la lista 1');
INSERT INTO opciones (id_votacion, nombre_opcion, desc_opcion) VALUES (13, 'Candidatura 2', 'Candidatura de la lista 2');
INSERT INTO opciones (id_votacion, nombre_opcion, desc_opcion) VALUES (13, 'Voto en Blanco', '');
INSERT INTO opciones (id_votacion, nombre_opcion, desc_opcion) VALUES (14, 'Candidatura 1', 'Candidatura de la lista 1');
INSERT INTO opciones (id_votacion, nombre_opcion, desc_opcion) VALUES (14, 'Candidatura 2', 'Candidatura de la lista 2');
INSERT INTO opciones (id_votacion, nombre_opcion, desc_opcion) VALUES (14, 'Candidatura 3', 'Candidatura de la lista 3');
INSERT INTO opciones (id_votacion, nombre_opcion, desc_opcion) VALUES (14, 'Candidatura 4', 'Candidatura de la lista 4');
INSERT INTO opciones (id_votacion, nombre_opcion, desc_opcion) VALUES (14, 'Voto en Blanco', '');
INSERT INTO opciones (id_votacion, nombre_opcion, desc_opcion) VALUES (15, 'Candidatura 1', 'Candidatura de la lista 1');
INSERT INTO opciones (id_votacion, nombre_opcion, desc_opcion) VALUES (15, 'Candidatura 2', 'Candidatura de la lista 2');
INSERT INTO opciones (id_votacion, nombre_opcion, desc_opcion) VALUES (15, 'Candidatura 3', 'Candidatura de la lista 3');
INSERT INTO opciones (id_votacion, nombre_opcion, desc_opcion) VALUES (15, 'Voto en Blanco', '');
INSERT INTO opciones (id_votacion, nombre_opcion, desc_opcion) VALUES (16, 'Candidatura 1', 'Candidatura de la lista 1');
INSERT INTO opciones (id_votacion, nombre_opcion, desc_opcion) VALUES (16, 'Candidatura 2', 'Candidatura de la lista 2');
INSERT INTO opciones (id_votacion, nombre_opcion, desc_opcion) VALUES (16, 'Candidatura 3', 'Candidatura de la lista 3');
INSERT INTO opciones (id_votacion, nombre_opcion, desc_opcion) VALUES (16, 'Candidatura 4', 'Candidatura de la lista 4');
INSERT INTO opciones (id_votacion, nombre_opcion, desc_opcion) VALUES (16, 'Voto en Blanco', '');
INSERT INTO opciones (id_votacion, nombre_opcion, desc_opcion) VALUES (17, 'Candidatura 1', 'Candidatura de la lista 1');
INSERT INTO opciones (id_votacion, nombre_opcion, desc_opcion) VALUES (17, 'Candidatura 2', 'Candidatura de la lista 2');
INSERT INTO opciones (id_votacion, nombre_opcion, desc_opcion) VALUES (17, 'Voto en Blanco', '');
INSERT INTO opciones (id_votacion, nombre_opcion, desc_opcion) VALUES (18, 'Candidatura 1', 'Candidatura de la lista 1');
INSERT INTO opciones (id_votacion, nombre_opcion, desc_opcion) VALUES (18, 'Candidatura 2', 'Candidatura de la lista 2');
INSERT INTO opciones (id_votacion, nombre_opcion, desc_opcion) VALUES (18, 'Candidatura 3', 'Candidatura de la lista 3');
INSERT INTO opciones (id_votacion, nombre_opcion, desc_opcion) VALUES (18, 'Candidatura 4', 'Candidatura de la lista 4');
INSERT INTO opciones (id_votacion, nombre_opcion, desc_opcion) VALUES (18, 'Voto en Blanco', '');
INSERT INTO opciones (id_votacion, nombre_opcion, desc_opcion) VALUES (19, 'Candidatura 1', 'Candidatura de la lista 1');
INSERT INTO opciones (id_votacion, nombre_opcion, desc_opcion) VALUES (19, 'Candidatura 2', 'Candidatura de la lista 2');
INSERT INTO opciones (id_votacion, nombre_opcion, desc_opcion) VALUES (19, 'Voto en Blanco', '');
INSERT INTO opciones (id_votacion, nombre_opcion, desc_opcion) VALUES (20, 'Candidatura 1', 'Candidatura de la lista 1');
INSERT INTO opciones (id_votacion, nombre_opcion, desc_opcion) VALUES (20, 'Candidatura 2', 'Candidatura de la lista 2');
INSERT INTO opciones (id_votacion, nombre_opcion, desc_opcion) VALUES (20, 'Candidatura 3', 'Candidatura de la lista 3');
INSERT INTO opciones (id_votacion, nombre_opcion, desc_opcion) VALUES (20, 'Voto en Blanco', '');
INSERT INTO opciones (id_votacion, nombre_opcion, desc_opcion) VALUES (21, 'Candidatura 1', 'Candidatura de la lista 1');
INSERT INTO opciones (id_votacion, nombre_opcion, desc_opcion) VALUES (21, 'Candidatura 2', 'Candidatura de la lista 2');
INSERT INTO opciones (id_votacion, nombre_opcion, desc_opcion) VALUES (21, 'Candidatura 3', 'Candidatura de la lista 3');
INSERT INTO opciones (id_votacion, nombre_opcion, desc_opcion) VALUES (21, 'Candidatura 4', 'Candidatura de la lista 4');
INSERT INTO opciones (id_votacion, nombre_opcion, desc_opcion) VALUES (21, 'Voto en Blanco', '');
INSERT INTO opciones (id_votacion, nombre_opcion, desc_opcion) VALUES (22, 'Candidatura 1', 'Candidatura de la lista 1');
INSERT INTO opciones (id_votacion, nombre_opcion, desc_opcion) VALUES (22, 'Candidatura 2', 'Candidatura de la lista 2');
INSERT INTO opciones (id_votacion, nombre_opcion, desc_opcion) VALUES (22, 'Candidatura 3', 'Candidatura de la lista 3');
INSERT INTO opciones (id_votacion, nombre_opcion, desc_opcion) VALUES (22, 'Candidatura 4', 'Candidatura de la lista 4');
INSERT INTO opciones (id_votacion, nombre_opcion, desc_opcion) VALUES (22, 'Voto en Blanco', '');
INSERT INTO opciones (id_votacion, nombre_opcion, desc_opcion) VALUES (23, 'Candidatura 1', 'Candidatura de la lista 1');
INSERT INTO opciones (id_votacion, nombre_opcion, desc_opcion) VALUES (23, 'Candidatura 2', 'Candidatura de la lista 2');
INSERT INTO opciones (id_votacion, nombre_opcion, desc_opcion) VALUES (23, 'Candidatura 3', 'Candidatura de la lista 3');
INSERT INTO opciones (id_votacion, nombre_opcion, desc_opcion) VALUES (23, 'Candidatura 4', 'Candidatura de la lista 4');
INSERT INTO opciones (id_votacion, nombre_opcion, desc_opcion) VALUES (23, 'Voto en Blanco', '');
INSERT INTO opciones (id_votacion, nombre_opcion, desc_opcion) VALUES (24, 'Candidatura 1', 'Candidatura de la lista 1');
INSERT INTO opciones (id_votacion, nombre_opcion, desc_opcion) VALUES (24, 'Candidatura 2', 'Candidatura de la lista 2');
INSERT INTO opciones (id_votacion, nombre_opcion, desc_opcion) VALUES (24, 'Candidatura 3', 'Candidatura de la lista 3');
INSERT INTO opciones (id_votacion, nombre_opcion, desc_opcion) VALUES (24, 'Candidatura 4', 'Candidatura de la lista 4');
INSERT INTO opciones (id_votacion, nombre_opcion, desc_opcion) VALUES (24, 'Voto en Blanco', '');

-- 7. VOTOS_REGISTRADOS
INSERT INTO votos_registrados (id_votacion, id_usuario, fecha_participacion) VALUES (1, 118, '2026-04-02 07:02:00');
INSERT INTO votos_registrados (id_votacion, id_usuario, fecha_participacion) VALUES (1, 255, '2026-04-02 01:47:00');
INSERT INTO votos_registrados (id_votacion, id_usuario, fecha_participacion) VALUES (1, 149, '2026-04-01 22:38:00');
INSERT INTO votos_registrados (id_votacion, id_usuario, fecha_participacion) VALUES (1, 309, '2026-04-01 20:01:00');
INSERT INTO votos_registrados (id_votacion, id_usuario, fecha_participacion) VALUES (1, 276, '2026-04-01 14:14:00');
INSERT INTO votos_registrados (id_votacion, id_usuario, fecha_participacion) VALUES (1, 313, '2026-04-02 09:53:00');
INSERT INTO votos_registrados (id_votacion, id_usuario, fecha_participacion) VALUES (1, 152, '2026-04-02 06:37:00');
INSERT INTO votos_registrados (id_votacion, id_usuario, fecha_participacion) VALUES (1, 59, '2026-04-01 12:48:00');
INSERT INTO votos_registrados (id_votacion, id_usuario, fecha_participacion) VALUES (1, 107, '2026-04-02 09:52:00');
INSERT INTO votos_registrados (id_votacion, id_usuario, fecha_participacion) VALUES (1, 159, '2026-04-01 20:36:00');
INSERT INTO votos_registrados (id_votacion, id_usuario, fecha_participacion) VALUES (1, 124, '2026-04-01 13:48:00');
INSERT INTO votos_registrados (id_votacion, id_usuario, fecha_participacion) VALUES (1, 192, '2026-04-01 17:30:00');
INSERT INTO votos_registrados (id_votacion, id_usuario, fecha_participacion) VALUES (1, 99, '2026-04-02 04:41:00');
INSERT INTO votos_registrados (id_votacion, id_usuario, fecha_participacion) VALUES (1, 162, '2026-04-02 02:58:00');
INSERT INTO votos_registrados (id_votacion, id_usuario, fecha_participacion) VALUES (1, 15, '2026-04-01 20:11:00');
INSERT INTO votos_registrados (id_votacion, id_usuario, fecha_participacion) VALUES (1, 281, '2026-04-02 06:27:00');
INSERT INTO votos_registrados (id_votacion, id_usuario, fecha_participacion) VALUES (1, 72, '2026-04-02 08:52:00');
INSERT INTO votos_registrados (id_votacion, id_usuario, fecha_participacion) VALUES (1, 148, '2026-04-02 03:05:00');
INSERT INTO votos_registrados (id_votacion, id_usuario, fecha_participacion) VALUES (1, 31, '2026-04-02 03:22:00');
INSERT INTO votos_registrados (id_votacion, id_usuario, fecha_participacion) VALUES (1, 35, '2026-04-02 01:21:00');
INSERT INTO votos_registrados (id_votacion, id_usuario, fecha_participacion) VALUES (1, 291, '2026-04-01 22:42:00');
INSERT INTO votos_registrados (id_votacion, id_usuario, fecha_participacion) VALUES (1, 157, '2026-04-01 15:54:00');
INSERT INTO votos_registrados (id_votacion, id_usuario, fecha_participacion) VALUES (1, 315, '2026-04-01 17:21:00');
INSERT INTO votos_registrados (id_votacion, id_usuario, fecha_participacion) VALUES (1, 259, '2026-04-02 01:44:00');
INSERT INTO votos_registrados (id_votacion, id_usuario, fecha_participacion) VALUES (1, 60, '2026-04-02 03:18:00');
INSERT INTO votos_registrados (id_votacion, id_usuario, fecha_participacion) VALUES (1, 14, '2026-04-02 09:25:00');
INSERT INTO votos_registrados (id_votacion, id_usuario, fecha_participacion) VALUES (1, 301, '2026-04-02 05:02:00');
INSERT INTO votos_registrados (id_votacion, id_usuario, fecha_participacion) VALUES (1, 153, '2026-04-02 02:05:00');
INSERT INTO votos_registrados (id_votacion, id_usuario, fecha_participacion) VALUES (1, 248, '2026-04-01 22:16:00');
INSERT INTO votos_registrados (id_votacion, id_usuario, fecha_participacion) VALUES (1, 253, '2026-04-01 22:07:00');
INSERT INTO votos_registrados (id_votacion, id_usuario, fecha_participacion) VALUES (1, 233, '2026-04-02 00:55:00');
INSERT INTO votos_registrados (id_votacion, id_usuario, fecha_participacion) VALUES (1, 182, '2026-04-02 04:52:00');
INSERT INTO votos_registrados (id_votacion, id_usuario, fecha_participacion) VALUES (1, 102, '2026-04-01 12:42:00');
INSERT INTO votos_registrados (id_votacion, id_usuario, fecha_participacion) VALUES (1, 34, '2026-04-02 05:29:00');
INSERT INTO votos_registrados (id_votacion, id_usuario, fecha_participacion) VALUES (1, 137, '2026-04-02 01:03:00');
INSERT INTO votos_registrados (id_votacion, id_usuario, fecha_participacion) VALUES (1, 252, '2026-04-01 18:33:00');
INSERT INTO votos_registrados (id_votacion, id_usuario, fecha_participacion) VALUES (1, 66, '2026-04-01 23:39:00');
INSERT INTO votos_registrados (id_votacion, id_usuario, fecha_participacion) VALUES (1, 41, '2026-04-02 03:40:00');
INSERT INTO votos_registrados (id_votacion, id_usuario, fecha_participacion) VALUES (1, 213, '2026-04-02 02:48:00');
INSERT INTO votos_registrados (id_votacion, id_usuario, fecha_participacion) VALUES (1, 308, '2026-04-01 13:13:00');
INSERT INTO votos_registrados (id_votacion, id_usuario, fecha_participacion) VALUES (1, 45, '2026-04-01 20:35:00');
INSERT INTO votos_registrados (id_votacion, id_usuario, fecha_participacion) VALUES (1, 312, '2026-04-01 16:59:00');
INSERT INTO votos_registrados (id_votacion, id_usuario, fecha_participacion) VALUES (1, 85, '2026-04-01 21:28:00');
INSERT INTO votos_registrados (id_votacion, id_usuario, fecha_participacion) VALUES (1, 84, '2026-04-02 10:31:00');
INSERT INTO votos_registrados (id_votacion, id_usuario, fecha_participacion) VALUES (1, 163, '2026-04-01 15:01:00');
INSERT INTO votos_registrados (id_votacion, id_usuario, fecha_participacion) VALUES (1, 51, '2026-04-02 08:38:00');
INSERT INTO votos_registrados (id_votacion, id_usuario, fecha_participacion) VALUES (1, 135, '2026-04-01 19:45:00');
INSERT INTO votos_registrados (id_votacion, id_usuario, fecha_participacion) VALUES (1, 68, '2026-04-01 17:19:00');
INSERT INTO votos_registrados (id_votacion, id_usuario, fecha_participacion) VALUES (1, 221, '2026-04-02 05:00:00');
INSERT INTO votos_registrados (id_votacion, id_usuario, fecha_participacion) VALUES (1, 123, '2026-04-02 05:26:00');
INSERT INTO votos_registrados (id_votacion, id_usuario, fecha_participacion) VALUES (1, 275, '2026-04-01 14:14:00');
INSERT INTO votos_registrados (id_votacion, id_usuario, fecha_participacion) VALUES (1, 202, '2026-04-01 15:29:00');
INSERT INTO votos_registrados (id_votacion, id_usuario, fecha_participacion) VALUES (1, 238, '2026-04-01 15:41:00');
INSERT INTO votos_registrados (id_votacion, id_usuario, fecha_participacion) VALUES (1, 234, '2026-04-01 16:31:00');
INSERT INTO votos_registrados (id_votacion, id_usuario, fecha_participacion) VALUES (1, 160, '2026-04-02 10:18:00');
INSERT INTO votos_registrados (id_votacion, id_usuario, fecha_participacion) VALUES (1, 227, '2026-04-02 04:45:00');
INSERT INTO votos_registrados (id_votacion, id_usuario, fecha_participacion) VALUES (1, 164, '2026-04-01 20:26:00');
INSERT INTO votos_registrados (id_votacion, id_usuario, fecha_participacion) VALUES (1, 38, '2026-04-02 03:30:00');
INSERT INTO votos_registrados (id_votacion, id_usuario, fecha_participacion) VALUES (1, 58, '2026-04-01 19:29:00');
INSERT INTO votos_registrados (id_votacion, id_usuario, fecha_participacion) VALUES (1, 114, '2026-04-02 05:09:00');
INSERT INTO votos_registrados (id_votacion, id_usuario, fecha_participacion) VALUES (1, 116, '2026-04-02 00:12:00');
INSERT INTO votos_registrados (id_votacion, id_usuario, fecha_participacion) VALUES (1, 143, '2026-04-02 07:32:00');
INSERT INTO votos_registrados (id_votacion, id_usuario, fecha_participacion) VALUES (1, 49, '2026-04-02 11:56:00');
INSERT INTO votos_registrados (id_votacion, id_usuario, fecha_participacion) VALUES (1, 88, '2026-04-01 16:55:00');
INSERT INTO votos_registrados (id_votacion, id_usuario, fecha_participacion) VALUES (1, 130, '2026-04-01 14:17:00');
INSERT INTO votos_registrados (id_votacion, id_usuario, fecha_participacion) VALUES (1, 96, '2026-04-02 01:21:00');
INSERT INTO votos_registrados (id_votacion, id_usuario, fecha_participacion) VALUES (1, 46, '2026-04-02 04:17:00');
INSERT INTO votos_registrados (id_votacion, id_usuario, fecha_participacion) VALUES (1, 268, '2026-04-01 12:18:00');
INSERT INTO votos_registrados (id_votacion, id_usuario, fecha_participacion) VALUES (1, 9, '2026-04-02 11:19:00');
INSERT INTO votos_registrados (id_votacion, id_usuario, fecha_participacion) VALUES (1, 112, '2026-04-02 06:37:00');
INSERT INTO votos_registrados (id_votacion, id_usuario, fecha_participacion) VALUES (1, 282, '2026-04-02 09:31:00');
INSERT INTO votos_registrados (id_votacion, id_usuario, fecha_participacion) VALUES (1, 184, '2026-04-01 16:28:00');
INSERT INTO votos_registrados (id_votacion, id_usuario, fecha_participacion) VALUES (1, 277, '2026-04-02 05:30:00');
INSERT INTO votos_registrados (id_votacion, id_usuario, fecha_participacion) VALUES (1, 128, '2026-04-01 23:21:00');
INSERT INTO votos_registrados (id_votacion, id_usuario, fecha_participacion) VALUES (1, 82, '2026-04-02 05:48:00');
INSERT INTO votos_registrados (id_votacion, id_usuario, fecha_participacion) VALUES (1, 16, '2026-04-02 05:24:00');
INSERT INTO votos_registrados (id_votacion, id_usuario, fecha_participacion) VALUES (1, 67, '2026-04-02 02:59:00');
INSERT INTO votos_registrados (id_votacion, id_usuario, fecha_participacion) VALUES (1, 81, '2026-04-01 22:55:00');
INSERT INTO votos_registrados (id_votacion, id_usuario, fecha_participacion) VALUES (1, 188, '2026-04-01 18:44:00');
INSERT INTO votos_registrados (id_votacion, id_usuario, fecha_participacion) VALUES (1, 80, '2026-04-01 19:36:00');
INSERT INTO votos_registrados (id_votacion, id_usuario, fecha_participacion) VALUES (1, 187, '2026-04-02 00:14:00');
INSERT INTO votos_registrados (id_votacion, id_usuario, fecha_participacion) VALUES (1, 228, '2026-04-02 01:02:00');
INSERT INTO votos_registrados (id_votacion, id_usuario, fecha_participacion) VALUES (1, 321, '2026-04-01 22:47:00');
INSERT INTO votos_registrados (id_votacion, id_usuario, fecha_participacion) VALUES (1, 26, '2026-04-02 03:45:00');
INSERT INTO votos_registrados (id_votacion, id_usuario, fecha_participacion) VALUES (1, 183, '2026-04-02 00:24:00');
INSERT INTO votos_registrados (id_votacion, id_usuario, fecha_participacion) VALUES (1, 330, '2026-04-02 09:50:00');
INSERT INTO votos_registrados (id_votacion, id_usuario, fecha_participacion) VALUES (1, 244, '2026-04-02 08:09:00');
INSERT INTO votos_registrados (id_votacion, id_usuario, fecha_participacion) VALUES (1, 75, '2026-04-02 03:02:00');
INSERT INTO votos_registrados (id_votacion, id_usuario, fecha_participacion) VALUES (1, 209, '2026-04-01 16:32:00');
INSERT INTO votos_registrados (id_votacion, id_usuario, fecha_participacion) VALUES (1, 210, '2026-04-02 06:21:00');
INSERT INTO votos_registrados (id_votacion, id_usuario, fecha_participacion) VALUES (1, 168, '2026-04-01 15:55:00');
INSERT INTO votos_registrados (id_votacion, id_usuario, fecha_participacion) VALUES (1, 158, '2026-04-02 02:06:00');
INSERT INTO votos_registrados (id_votacion, id_usuario, fecha_participacion) VALUES (1, 177, '2026-04-02 04:58:00');
INSERT INTO votos_registrados (id_votacion, id_usuario, fecha_participacion) VALUES (1, 293, '2026-04-02 02:00:00');
INSERT INTO votos_registrados (id_votacion, id_usuario, fecha_participacion) VALUES (1, 273, '2026-04-02 11:09:00');
INSERT INTO votos_registrados (id_votacion, id_usuario, fecha_participacion) VALUES (1, 271, '2026-04-02 01:55:00');
INSERT INTO votos_registrados (id_votacion, id_usuario, fecha_participacion) VALUES (1, 37, '2026-04-02 08:09:00');
INSERT INTO votos_registrados (id_votacion, id_usuario, fecha_participacion) VALUES (1, 147, '2026-04-01 14:30:00');
INSERT INTO votos_registrados (id_votacion, id_usuario, fecha_participacion) VALUES (1, 65, '2026-04-01 20:21:00');
INSERT INTO votos_registrados (id_votacion, id_usuario, fecha_participacion) VALUES (1, 173, '2026-04-02 07:44:00');
INSERT INTO votos_registrados (id_votacion, id_usuario, fecha_participacion) VALUES (1, 265, '2026-04-02 00:41:00');
INSERT INTO votos_registrados (id_votacion, id_usuario, fecha_participacion) VALUES (1, 76, '2026-04-01 14:54:00');
INSERT INTO votos_registrados (id_votacion, id_usuario, fecha_participacion) VALUES (1, 219, '2026-04-01 22:54:00');
INSERT INTO votos_registrados (id_votacion, id_usuario, fecha_participacion) VALUES (1, 44, '2026-04-02 09:54:00');
INSERT INTO votos_registrados (id_votacion, id_usuario, fecha_participacion) VALUES (1, 303, '2026-04-02 05:24:00');
INSERT INTO votos_registrados (id_votacion, id_usuario, fecha_participacion) VALUES (1, 23, '2026-04-01 22:40:00');
INSERT INTO votos_registrados (id_votacion, id_usuario, fecha_participacion) VALUES (1, 50, '2026-04-02 10:56:00');
INSERT INTO votos_registrados (id_votacion, id_usuario, fecha_participacion) VALUES (1, 242, '2026-04-02 03:55:00');
INSERT INTO votos_registrados (id_votacion, id_usuario, fecha_participacion) VALUES (1, 86, '2026-04-02 05:02:00');
INSERT INTO votos_registrados (id_votacion, id_usuario, fecha_participacion) VALUES (1, 292, '2026-04-02 07:04:00');
INSERT INTO votos_registrados (id_votacion, id_usuario, fecha_participacion) VALUES (1, 199, '2026-04-01 19:40:00');
INSERT INTO votos_registrados (id_votacion, id_usuario, fecha_participacion) VALUES (1, 229, '2026-04-02 09:58:00');
INSERT INTO votos_registrados (id_votacion, id_usuario, fecha_participacion) VALUES (1, 304, '2026-04-01 21:14:00');
INSERT INTO votos_registrados (id_votacion, id_usuario, fecha_participacion) VALUES (1, 254, '2026-04-02 11:05:00');
INSERT INTO votos_registrados (id_votacion, id_usuario, fecha_participacion) VALUES (1, 120, '2026-04-02 01:06:00');
INSERT INTO votos_registrados (id_votacion, id_usuario, fecha_participacion) VALUES (1, 39, '2026-04-02 08:45:00');
INSERT INTO votos_registrados (id_votacion, id_usuario, fecha_participacion) VALUES (1, 127, '2026-04-01 15:28:00');
INSERT INTO votos_registrados (id_votacion, id_usuario, fecha_participacion) VALUES (1, 260, '2026-04-01 17:44:00');
INSERT INTO votos_registrados (id_votacion, id_usuario, fecha_participacion) VALUES (1, 289, '2026-04-01 21:57:00');
INSERT INTO votos_registrados (id_votacion, id_usuario, fecha_participacion) VALUES (1, 251, '2026-04-01 12:02:00');
INSERT INTO votos_registrados (id_votacion, id_usuario, fecha_participacion) VALUES (1, 111, '2026-04-01 22:50:00');
INSERT INTO votos_registrados (id_votacion, id_usuario, fecha_participacion) VALUES (1, 77, '2026-04-01 13:18:00');
INSERT INTO votos_registrados (id_votacion, id_usuario, fecha_participacion) VALUES (1, 136, '2026-04-01 23:23:00');
INSERT INTO votos_registrados (id_votacion, id_usuario, fecha_participacion) VALUES (1, 146, '2026-04-02 01:09:00');
INSERT INTO votos_registrados (id_votacion, id_usuario, fecha_participacion) VALUES (1, 134, '2026-04-01 19:33:00');
INSERT INTO votos_registrados (id_votacion, id_usuario, fecha_participacion) VALUES (1, 217, '2026-04-02 01:36:00');
INSERT INTO votos_registrados (id_votacion, id_usuario, fecha_participacion) VALUES (1, 28, '2026-04-02 09:50:00');
INSERT INTO votos_registrados (id_votacion, id_usuario, fecha_participacion) VALUES (2, 244, '2026-04-22 03:06:00');
INSERT INTO votos_registrados (id_votacion, id_usuario, fecha_participacion) VALUES (2, 287, '2026-04-21 19:24:00');
INSERT INTO votos_registrados (id_votacion, id_usuario, fecha_participacion) VALUES (2, 81, '2026-04-22 06:22:00');
INSERT INTO votos_registrados (id_votacion, id_usuario, fecha_participacion) VALUES (2, 243, '2026-04-22 06:18:00');
INSERT INTO votos_registrados (id_votacion, id_usuario, fecha_participacion) VALUES (2, 306, '2026-04-22 10:18:00');
INSERT INTO votos_registrados (id_votacion, id_usuario, fecha_participacion) VALUES (2, 138, '2026-04-21 12:53:00');
INSERT INTO votos_registrados (id_votacion, id_usuario, fecha_participacion) VALUES (2, 155, '2026-04-22 09:25:00');
INSERT INTO votos_registrados (id_votacion, id_usuario, fecha_participacion) VALUES (2, 203, '2026-04-21 20:00:00');
INSERT INTO votos_registrados (id_votacion, id_usuario, fecha_participacion) VALUES (2, 320, '2026-04-22 06:55:00');
INSERT INTO votos_registrados (id_votacion, id_usuario, fecha_participacion) VALUES (2, 131, '2026-04-22 09:49:00');
INSERT INTO votos_registrados (id_votacion, id_usuario, fecha_participacion) VALUES (3, 33, '2026-04-27 01:21:00');
INSERT INTO votos_registrados (id_votacion, id_usuario, fecha_participacion) VALUES (3, 318, '2026-04-27 02:25:00');
INSERT INTO votos_registrados (id_votacion, id_usuario, fecha_participacion) VALUES (3, 262, '2026-04-27 01:46:00');
INSERT INTO votos_registrados (id_votacion, id_usuario, fecha_participacion) VALUES (3, 154, '2026-04-26 15:20:00');
INSERT INTO votos_registrados (id_votacion, id_usuario, fecha_participacion) VALUES (3, 125, '2026-04-27 01:20:00');
INSERT INTO votos_registrados (id_votacion, id_usuario, fecha_participacion) VALUES (3, 330, '2026-04-27 09:16:00');
INSERT INTO votos_registrados (id_votacion, id_usuario, fecha_participacion) VALUES (3, 188, '2026-04-26 23:09:00');
INSERT INTO votos_registrados (id_votacion, id_usuario, fecha_participacion) VALUES (3, 120, '2026-04-27 09:59:00');
INSERT INTO votos_registrados (id_votacion, id_usuario, fecha_participacion) VALUES (3, 105, '2026-04-27 03:04:00');
INSERT INTO votos_registrados (id_votacion, id_usuario, fecha_participacion) VALUES (3, 136, '2026-04-26 14:53:00');
INSERT INTO votos_registrados (id_votacion, id_usuario, fecha_participacion) VALUES (3, 78, '2026-04-26 14:05:00');
INSERT INTO votos_registrados (id_votacion, id_usuario, fecha_participacion) VALUES (3, 57, '2026-04-27 01:06:00');
INSERT INTO votos_registrados (id_votacion, id_usuario, fecha_participacion) VALUES (3, 28, '2026-04-27 11:47:00');
INSERT INTO votos_registrados (id_votacion, id_usuario, fecha_participacion) VALUES (3, 166, '2026-04-26 23:51:00');
INSERT INTO votos_registrados (id_votacion, id_usuario, fecha_participacion) VALUES (3, 233, '2026-04-26 16:35:00');
INSERT INTO votos_registrados (id_votacion, id_usuario, fecha_participacion) VALUES (3, 25, '2026-04-26 13:37:00');
INSERT INTO votos_registrados (id_votacion, id_usuario, fecha_participacion) VALUES (3, 304, '2026-04-27 05:35:00');
INSERT INTO votos_registrados (id_votacion, id_usuario, fecha_participacion) VALUES (3, 194, '2026-04-26 22:42:00');
INSERT INTO votos_registrados (id_votacion, id_usuario, fecha_participacion) VALUES (3, 75, '2026-04-26 15:26:00');
INSERT INTO votos_registrados (id_votacion, id_usuario, fecha_participacion) VALUES (3, 54, '2026-04-26 23:55:00');
INSERT INTO votos_registrados (id_votacion, id_usuario, fecha_participacion) VALUES (3, 159, '2026-04-27 09:48:00');
INSERT INTO votos_registrados (id_votacion, id_usuario, fecha_participacion) VALUES (3, 175, '2026-04-27 01:55:00');
INSERT INTO votos_registrados (id_votacion, id_usuario, fecha_participacion) VALUES (3, 220, '2026-04-27 11:03:00');
INSERT INTO votos_registrados (id_votacion, id_usuario, fecha_participacion) VALUES (3, 97, '2026-04-26 21:38:00');
INSERT INTO votos_registrados (id_votacion, id_usuario, fecha_participacion) VALUES (3, 110, '2026-04-26 21:22:00');
INSERT INTO votos_registrados (id_votacion, id_usuario, fecha_participacion) VALUES (3, 313, '2026-04-26 15:36:00');
INSERT INTO votos_registrados (id_votacion, id_usuario, fecha_participacion) VALUES (3, 284, '2026-04-27 04:13:00');
INSERT INTO votos_registrados (id_votacion, id_usuario, fecha_participacion) VALUES (3, 195, '2026-04-26 16:42:00');
INSERT INTO votos_registrados (id_votacion, id_usuario, fecha_participacion) VALUES (3, 279, '2026-04-27 03:14:00');
INSERT INTO votos_registrados (id_votacion, id_usuario, fecha_participacion) VALUES (3, 264, '2026-04-26 15:22:00');
INSERT INTO votos_registrados (id_votacion, id_usuario, fecha_participacion) VALUES (3, 147, '2026-04-27 05:23:00');
INSERT INTO votos_registrados (id_votacion, id_usuario, fecha_participacion) VALUES (3, 92, '2026-04-26 15:48:00');
INSERT INTO votos_registrados (id_votacion, id_usuario, fecha_participacion) VALUES (3, 139, '2026-04-26 20:36:00');
INSERT INTO votos_registrados (id_votacion, id_usuario, fecha_participacion) VALUES (3, 254, '2026-04-26 19:51:00');
INSERT INTO votos_registrados (id_votacion, id_usuario, fecha_participacion) VALUES (3, 311, '2026-04-27 01:54:00');
INSERT INTO votos_registrados (id_votacion, id_usuario, fecha_participacion) VALUES (3, 181, '2026-04-27 05:49:00');
INSERT INTO votos_registrados (id_votacion, id_usuario, fecha_participacion) VALUES (3, 66, '2026-04-27 07:39:00');
INSERT INTO votos_registrados (id_votacion, id_usuario, fecha_participacion) VALUES (3, 247, '2026-04-27 09:41:00');
INSERT INTO votos_registrados (id_votacion, id_usuario, fecha_participacion) VALUES (3, 46, '2026-04-27 05:01:00');
INSERT INTO votos_registrados (id_votacion, id_usuario, fecha_participacion) VALUES (3, 80, '2026-04-27 07:59:00');
INSERT INTO votos_registrados (id_votacion, id_usuario, fecha_participacion) VALUES (3, 123, '2026-04-27 09:53:00');
INSERT INTO votos_registrados (id_votacion, id_usuario, fecha_participacion) VALUES (3, 211, '2026-04-27 10:17:00');
INSERT INTO votos_registrados (id_votacion, id_usuario, fecha_participacion) VALUES (3, 315, '2026-04-26 12:11:00');
INSERT INTO votos_registrados (id_votacion, id_usuario, fecha_participacion) VALUES (3, 312, '2026-04-26 20:44:00');
INSERT INTO votos_registrados (id_votacion, id_usuario, fecha_participacion) VALUES (3, 210, '2026-04-26 21:58:00');
INSERT INTO votos_registrados (id_votacion, id_usuario, fecha_participacion) VALUES (3, 15, '2026-04-26 22:22:00');
INSERT INTO votos_registrados (id_votacion, id_usuario, fecha_participacion) VALUES (3, 143, '2026-04-26 12:11:00');
INSERT INTO votos_registrados (id_votacion, id_usuario, fecha_participacion) VALUES (3, 282, '2026-04-26 16:36:00');
INSERT INTO votos_registrados (id_votacion, id_usuario, fecha_participacion) VALUES (3, 71, '2026-04-27 09:25:00');
INSERT INTO votos_registrados (id_votacion, id_usuario, fecha_participacion) VALUES (3, 240, '2026-04-26 14:09:00');
INSERT INTO votos_registrados (id_votacion, id_usuario, fecha_participacion) VALUES (3, 196, '2026-04-27 11:40:00');
INSERT INTO votos_registrados (id_votacion, id_usuario, fecha_participacion) VALUES (3, 142, '2026-04-26 12:05:00');
INSERT INTO votos_registrados (id_votacion, id_usuario, fecha_participacion) VALUES (3, 203, '2026-04-27 11:33:00');
INSERT INTO votos_registrados (id_votacion, id_usuario, fecha_participacion) VALUES (3, 198, '2026-04-26 18:24:00');
INSERT INTO votos_registrados (id_votacion, id_usuario, fecha_participacion) VALUES (3, 63, '2026-04-27 01:29:00');
INSERT INTO votos_registrados (id_votacion, id_usuario, fecha_participacion) VALUES (3, 127, '2026-04-26 22:10:00');
INSERT INTO votos_registrados (id_votacion, id_usuario, fecha_participacion) VALUES (3, 249, '2026-04-26 23:19:00');
INSERT INTO votos_registrados (id_votacion, id_usuario, fecha_participacion) VALUES (3, 20, '2026-04-27 11:20:00');
INSERT INTO votos_registrados (id_votacion, id_usuario, fecha_participacion) VALUES (3, 310, '2026-04-27 06:38:00');
INSERT INTO votos_registrados (id_votacion, id_usuario, fecha_participacion) VALUES (3, 121, '2026-04-26 14:56:00');
INSERT INTO votos_registrados (id_votacion, id_usuario, fecha_participacion) VALUES (3, 40, '2026-04-26 13:09:00');
INSERT INTO votos_registrados (id_votacion, id_usuario, fecha_participacion) VALUES (3, 245, '2026-04-26 17:48:00');
INSERT INTO votos_registrados (id_votacion, id_usuario, fecha_participacion) VALUES (3, 162, '2026-04-27 07:03:00');
INSERT INTO votos_registrados (id_votacion, id_usuario, fecha_participacion) VALUES (3, 217, '2026-04-27 09:05:00');
INSERT INTO votos_registrados (id_votacion, id_usuario, fecha_participacion) VALUES (3, 67, '2026-04-26 20:28:00');
INSERT INTO votos_registrados (id_votacion, id_usuario, fecha_participacion) VALUES (3, 79, '2026-04-27 09:27:00');
INSERT INTO votos_registrados (id_votacion, id_usuario, fecha_participacion) VALUES (3, 31, '2026-04-27 03:38:00');
INSERT INTO votos_registrados (id_votacion, id_usuario, fecha_participacion) VALUES (3, 27, '2026-04-27 02:26:00');
INSERT INTO votos_registrados (id_votacion, id_usuario, fecha_participacion) VALUES (3, 163, '2026-04-26 20:13:00');
INSERT INTO votos_registrados (id_votacion, id_usuario, fecha_participacion) VALUES (3, 329, '2026-04-27 04:07:00');
INSERT INTO votos_registrados (id_votacion, id_usuario, fecha_participacion) VALUES (3, 134, '2026-04-26 23:27:00');
INSERT INTO votos_registrados (id_votacion, id_usuario, fecha_participacion) VALUES (3, 37, '2026-04-26 15:18:00');
INSERT INTO votos_registrados (id_votacion, id_usuario, fecha_participacion) VALUES (3, 32, '2026-04-27 09:43:00');
INSERT INTO votos_registrados (id_votacion, id_usuario, fecha_participacion) VALUES (3, 68, '2026-04-27 06:31:00');
INSERT INTO votos_registrados (id_votacion, id_usuario, fecha_participacion) VALUES (3, 235, '2026-04-27 04:42:00');
INSERT INTO votos_registrados (id_votacion, id_usuario, fecha_participacion) VALUES (3, 145, '2026-04-26 21:02:00');
INSERT INTO votos_registrados (id_votacion, id_usuario, fecha_participacion) VALUES (3, 42, '2026-04-26 19:25:00');
INSERT INTO votos_registrados (id_votacion, id_usuario, fecha_participacion) VALUES (3, 107, '2026-04-27 07:03:00');
INSERT INTO votos_registrados (id_votacion, id_usuario, fecha_participacion) VALUES (3, 124, '2026-04-26 12:13:00');
INSERT INTO votos_registrados (id_votacion, id_usuario, fecha_participacion) VALUES (3, 102, '2026-04-26 21:13:00');
INSERT INTO votos_registrados (id_votacion, id_usuario, fecha_participacion) VALUES (3, 179, '2026-04-26 16:48:00');
INSERT INTO votos_registrados (id_votacion, id_usuario, fecha_participacion) VALUES (3, 278, '2026-04-26 20:18:00');
INSERT INTO votos_registrados (id_votacion, id_usuario, fecha_participacion) VALUES (3, 186, '2026-04-26 22:07:00');
INSERT INTO votos_registrados (id_votacion, id_usuario, fecha_participacion) VALUES (3, 146, '2026-04-26 12:31:00');
INSERT INTO votos_registrados (id_votacion, id_usuario, fecha_participacion) VALUES (3, 115, '2026-04-27 11:27:00');
INSERT INTO votos_registrados (id_votacion, id_usuario, fecha_participacion) VALUES (3, 158, '2026-04-26 17:08:00');
INSERT INTO votos_registrados (id_votacion, id_usuario, fecha_participacion) VALUES (3, 250, '2026-04-27 00:34:00');
INSERT INTO votos_registrados (id_votacion, id_usuario, fecha_participacion) VALUES (3, 314, '2026-04-27 10:14:00');
INSERT INTO votos_registrados (id_votacion, id_usuario, fecha_participacion) VALUES (3, 47, '2026-04-27 04:35:00');
INSERT INTO votos_registrados (id_votacion, id_usuario, fecha_participacion) VALUES (3, 234, '2026-04-27 09:51:00');
INSERT INTO votos_registrados (id_votacion, id_usuario, fecha_participacion) VALUES (3, 114, '2026-04-26 23:04:00');
INSERT INTO votos_registrados (id_votacion, id_usuario, fecha_participacion) VALUES (3, 273, '2026-04-27 00:55:00');
INSERT INTO votos_registrados (id_votacion, id_usuario, fecha_participacion) VALUES (3, 331, '2026-04-27 11:02:00');
INSERT INTO votos_registrados (id_votacion, id_usuario, fecha_participacion) VALUES (3, 221, '2026-04-27 01:01:00');
INSERT INTO votos_registrados (id_votacion, id_usuario, fecha_participacion) VALUES (3, 133, '2026-04-27 02:58:00');
INSERT INTO votos_registrados (id_votacion, id_usuario, fecha_participacion) VALUES (3, 165, '2026-04-26 14:55:00');
INSERT INTO votos_registrados (id_votacion, id_usuario, fecha_participacion) VALUES (3, 112, '2026-04-26 22:36:00');
INSERT INTO votos_registrados (id_votacion, id_usuario, fecha_participacion) VALUES (3, 266, '2026-04-27 01:36:00');
INSERT INTO votos_registrados (id_votacion, id_usuario, fecha_participacion) VALUES (3, 16, '2026-04-27 00:45:00');
INSERT INTO votos_registrados (id_votacion, id_usuario, fecha_participacion) VALUES (3, 184, '2026-04-27 08:26:00');
INSERT INTO votos_registrados (id_votacion, id_usuario, fecha_participacion) VALUES (3, 252, '2026-04-26 21:07:00');
INSERT INTO votos_registrados (id_votacion, id_usuario, fecha_participacion) VALUES (3, 277, '2026-04-27 00:01:00');
INSERT INTO votos_registrados (id_votacion, id_usuario, fecha_participacion) VALUES (3, 272, '2026-04-26 22:10:00');
INSERT INTO votos_registrados (id_votacion, id_usuario, fecha_participacion) VALUES (3, 229, '2026-04-27 07:29:00');
INSERT INTO votos_registrados (id_votacion, id_usuario, fecha_participacion) VALUES (3, 258, '2026-04-27 10:58:00');
INSERT INTO votos_registrados (id_votacion, id_usuario, fecha_participacion) VALUES (3, 226, '2026-04-26 23:05:00');
INSERT INTO votos_registrados (id_votacion, id_usuario, fecha_participacion) VALUES (3, 100, '2026-04-27 01:54:00');
INSERT INTO votos_registrados (id_votacion, id_usuario, fecha_participacion) VALUES (3, 239, '2026-04-26 15:15:00');
INSERT INTO votos_registrados (id_votacion, id_usuario, fecha_participacion) VALUES (3, 183, '2026-04-27 01:37:00');
INSERT INTO votos_registrados (id_votacion, id_usuario, fecha_participacion) VALUES (3, 231, '2026-04-27 00:33:00');
INSERT INTO votos_registrados (id_votacion, id_usuario, fecha_participacion) VALUES (3, 301, '2026-04-26 14:25:00');
INSERT INTO votos_registrados (id_votacion, id_usuario, fecha_participacion) VALUES (3, 173, '2026-04-26 21:47:00');
INSERT INTO votos_registrados (id_votacion, id_usuario, fecha_participacion) VALUES (3, 99, '2026-04-26 22:14:00');
INSERT INTO votos_registrados (id_votacion, id_usuario, fecha_participacion) VALUES (3, 23, '2026-04-26 22:49:00');
INSERT INTO votos_registrados (id_votacion, id_usuario, fecha_participacion) VALUES (3, 109, '2026-04-26 17:04:00');
INSERT INTO votos_registrados (id_votacion, id_usuario, fecha_participacion) VALUES (3, 321, '2026-04-27 04:40:00');
INSERT INTO votos_registrados (id_votacion, id_usuario, fecha_participacion) VALUES (3, 56, '2026-04-26 15:33:00');
INSERT INTO votos_registrados (id_votacion, id_usuario, fecha_participacion) VALUES (3, 39, '2026-04-27 04:12:00');
INSERT INTO votos_registrados (id_votacion, id_usuario, fecha_participacion) VALUES (3, 253, '2026-04-26 23:22:00');
INSERT INTO votos_registrados (id_votacion, id_usuario, fecha_participacion) VALUES (3, 265, '2026-04-27 11:52:00');
INSERT INTO votos_registrados (id_votacion, id_usuario, fecha_participacion) VALUES (3, 177, '2026-04-27 08:52:00');
INSERT INTO votos_registrados (id_votacion, id_usuario, fecha_participacion) VALUES (3, 62, '2026-04-26 16:15:00');
INSERT INTO votos_registrados (id_votacion, id_usuario, fecha_participacion) VALUES (3, 172, '2026-04-26 15:09:00');
INSERT INTO votos_registrados (id_votacion, id_usuario, fecha_participacion) VALUES (3, 171, '2026-04-26 20:12:00');
INSERT INTO votos_registrados (id_votacion, id_usuario, fecha_participacion) VALUES (3, 160, '2026-04-26 17:38:00');
INSERT INTO votos_registrados (id_votacion, id_usuario, fecha_participacion) VALUES (3, 13, '2026-04-26 16:48:00');
INSERT INTO votos_registrados (id_votacion, id_usuario, fecha_participacion) VALUES (3, 274, '2026-04-27 08:04:00');
INSERT INTO votos_registrados (id_votacion, id_usuario, fecha_participacion) VALUES (3, 93, '2026-04-26 17:49:00');
INSERT INTO votos_registrados (id_votacion, id_usuario, fecha_participacion) VALUES (3, 70, '2026-04-27 08:31:00');
INSERT INTO votos_registrados (id_votacion, id_usuario, fecha_participacion) VALUES (3, 271, '2026-04-27 02:48:00');
INSERT INTO votos_registrados (id_votacion, id_usuario, fecha_participacion) VALUES (3, 152, '2026-04-27 06:48:00');
INSERT INTO votos_registrados (id_votacion, id_usuario, fecha_participacion) VALUES (3, 60, '2026-04-27 06:28:00');
INSERT INTO votos_registrados (id_votacion, id_usuario, fecha_participacion) VALUES (3, 316, '2026-04-27 09:59:00');
INSERT INTO votos_registrados (id_votacion, id_usuario, fecha_participacion) VALUES (3, 149, '2026-04-27 06:41:00');
INSERT INTO votos_registrados (id_votacion, id_usuario, fecha_participacion) VALUES (3, 61, '2026-04-27 08:39:00');
INSERT INTO votos_registrados (id_votacion, id_usuario, fecha_participacion) VALUES (3, 246, '2026-04-26 22:55:00');
INSERT INTO votos_registrados (id_votacion, id_usuario, fecha_participacion) VALUES (3, 230, '2026-04-27 08:20:00');
INSERT INTO votos_registrados (id_votacion, id_usuario, fecha_participacion) VALUES (3, 267, '2026-04-26 16:28:00');
INSERT INTO votos_registrados (id_votacion, id_usuario, fecha_participacion) VALUES (3, 300, '2026-04-26 14:30:00');
INSERT INTO votos_registrados (id_votacion, id_usuario, fecha_participacion) VALUES (3, 45, '2026-04-27 02:40:00');
INSERT INTO votos_registrados (id_votacion, id_usuario, fecha_participacion) VALUES (3, 207, '2026-04-26 21:50:00');
INSERT INTO votos_registrados (id_votacion, id_usuario, fecha_participacion) VALUES (3, 8, '2026-04-26 20:37:00');
INSERT INTO votos_registrados (id_votacion, id_usuario, fecha_participacion) VALUES (3, 216, '2026-04-26 13:22:00');
INSERT INTO votos_registrados (id_votacion, id_usuario, fecha_participacion) VALUES (3, 192, '2026-04-27 04:04:00');
INSERT INTO votos_registrados (id_votacion, id_usuario, fecha_participacion) VALUES (3, 41, '2026-04-26 21:29:00');
INSERT INTO votos_registrados (id_votacion, id_usuario, fecha_participacion) VALUES (3, 248, '2026-04-27 02:02:00');
INSERT INTO votos_registrados (id_votacion, id_usuario, fecha_participacion) VALUES (3, 72, '2026-04-26 13:23:00');
INSERT INTO votos_registrados (id_votacion, id_usuario, fecha_participacion) VALUES (3, 52, '2026-04-26 21:04:00');
INSERT INTO votos_registrados (id_votacion, id_usuario, fecha_participacion) VALUES (3, 36, '2026-04-27 08:55:00');
INSERT INTO votos_registrados (id_votacion, id_usuario, fecha_participacion) VALUES (3, 290, '2026-04-26 14:39:00');
INSERT INTO votos_registrados (id_votacion, id_usuario, fecha_participacion) VALUES (3, 14, '2026-04-27 07:32:00');
INSERT INTO votos_registrados (id_votacion, id_usuario, fecha_participacion) VALUES (3, 187, '2026-04-27 00:29:00');
INSERT INTO votos_registrados (id_votacion, id_usuario, fecha_participacion) VALUES (3, 11, '2026-04-27 06:35:00');
INSERT INTO votos_registrados (id_votacion, id_usuario, fecha_participacion) VALUES (3, 219, '2026-04-27 11:57:00');
INSERT INTO votos_registrados (id_votacion, id_usuario, fecha_participacion) VALUES (3, 227, '2026-04-26 13:28:00');
INSERT INTO votos_registrados (id_votacion, id_usuario, fecha_participacion) VALUES (3, 281, '2026-04-27 06:41:00');
INSERT INTO votos_registrados (id_votacion, id_usuario, fecha_participacion) VALUES (3, 90, '2026-04-26 18:20:00');
INSERT INTO votos_registrados (id_votacion, id_usuario, fecha_participacion) VALUES (3, 12, '2026-04-27 07:30:00');
INSERT INTO votos_registrados (id_votacion, id_usuario, fecha_participacion) VALUES (3, 232, '2026-04-27 04:09:00');
INSERT INTO votos_registrados (id_votacion, id_usuario, fecha_participacion) VALUES (3, 306, '2026-04-26 13:28:00');
INSERT INTO votos_registrados (id_votacion, id_usuario, fecha_participacion) VALUES (3, 21, '2026-04-26 15:51:00');
INSERT INTO votos_registrados (id_votacion, id_usuario, fecha_participacion) VALUES (3, 202, '2026-04-26 22:45:00');
INSERT INTO votos_registrados (id_votacion, id_usuario, fecha_participacion) VALUES (3, 294, '2026-04-26 14:32:00');
INSERT INTO votos_registrados (id_votacion, id_usuario, fecha_participacion) VALUES (3, 280, '2026-04-27 08:11:00');
INSERT INTO votos_registrados (id_votacion, id_usuario, fecha_participacion) VALUES (3, 260, '2026-04-26 13:15:00');
INSERT INTO votos_registrados (id_votacion, id_usuario, fecha_participacion) VALUES (3, 24, '2026-04-27 10:28:00');
INSERT INTO votos_registrados (id_votacion, id_usuario, fecha_participacion) VALUES (3, 129, '2026-04-27 02:33:00');
INSERT INTO votos_registrados (id_votacion, id_usuario, fecha_participacion) VALUES (3, 122, '2026-04-27 04:39:00');
INSERT INTO votos_registrados (id_votacion, id_usuario, fecha_participacion) VALUES (3, 225, '2026-04-26 17:23:00');
INSERT INTO votos_registrados (id_votacion, id_usuario, fecha_participacion) VALUES (3, 299, '2026-04-26 23:58:00');
INSERT INTO votos_registrados (id_votacion, id_usuario, fecha_participacion) VALUES (3, 297, '2026-04-26 21:24:00');
INSERT INTO votos_registrados (id_votacion, id_usuario, fecha_participacion) VALUES (3, 35, '2026-04-27 01:49:00');
INSERT INTO votos_registrados (id_votacion, id_usuario, fecha_participacion) VALUES (3, 291, '2026-04-26 22:43:00');
INSERT INTO votos_registrados (id_votacion, id_usuario, fecha_participacion) VALUES (3, 322, '2026-04-27 07:03:00');
INSERT INTO votos_registrados (id_votacion, id_usuario, fecha_participacion) VALUES (3, 64, '2026-04-27 08:41:00');
INSERT INTO votos_registrados (id_votacion, id_usuario, fecha_participacion) VALUES (3, 19, '2026-04-26 22:04:00');
INSERT INTO votos_registrados (id_votacion, id_usuario, fecha_participacion) VALUES (3, 141, '2026-04-26 22:06:00');
INSERT INTO votos_registrados (id_votacion, id_usuario, fecha_participacion) VALUES (3, 85, '2026-04-27 05:43:00');
INSERT INTO votos_registrados (id_votacion, id_usuario, fecha_participacion) VALUES (3, 327, '2026-04-27 00:18:00');
INSERT INTO votos_registrados (id_votacion, id_usuario, fecha_participacion) VALUES (3, 286, '2026-04-26 20:46:00');
INSERT INTO votos_registrados (id_votacion, id_usuario, fecha_participacion) VALUES (3, 218, '2026-04-27 09:58:00');
INSERT INTO votos_registrados (id_votacion, id_usuario, fecha_participacion) VALUES (3, 130, '2026-04-27 07:55:00');
INSERT INTO votos_registrados (id_votacion, id_usuario, fecha_participacion) VALUES (3, 307, '2026-04-26 16:21:00');
INSERT INTO votos_registrados (id_votacion, id_usuario, fecha_participacion) VALUES (3, 117, '2026-04-26 14:37:00');
INSERT INTO votos_registrados (id_votacion, id_usuario, fecha_participacion) VALUES (3, 191, '2026-04-27 09:09:00');
INSERT INTO votos_registrados (id_votacion, id_usuario, fecha_participacion) VALUES (3, 237, '2026-04-26 23:19:00');
INSERT INTO votos_registrados (id_votacion, id_usuario, fecha_participacion) VALUES (3, 228, '2026-04-27 08:44:00');
INSERT INTO votos_registrados (id_votacion, id_usuario, fecha_participacion) VALUES (3, 26, '2026-04-27 09:25:00');
INSERT INTO votos_registrados (id_votacion, id_usuario, fecha_participacion) VALUES (3, 319, '2026-04-26 16:38:00');
INSERT INTO votos_registrados (id_votacion, id_usuario, fecha_participacion) VALUES (3, 305, '2026-04-27 10:05:00');
INSERT INTO votos_registrados (id_votacion, id_usuario, fecha_participacion) VALUES (3, 325, '2026-04-26 21:35:00');
INSERT INTO votos_registrados (id_votacion, id_usuario, fecha_participacion) VALUES (3, 326, '2026-04-27 00:41:00');
INSERT INTO votos_registrados (id_votacion, id_usuario, fecha_participacion) VALUES (3, 170, '2026-04-26 22:52:00');
INSERT INTO votos_registrados (id_votacion, id_usuario, fecha_participacion) VALUES (3, 189, '2026-04-26 16:42:00');
INSERT INTO votos_registrados (id_votacion, id_usuario, fecha_participacion) VALUES (3, 91, '2026-04-27 10:53:00');
INSERT INTO votos_registrados (id_votacion, id_usuario, fecha_participacion) VALUES (3, 323, '2026-04-27 11:43:00');
INSERT INTO votos_registrados (id_votacion, id_usuario, fecha_participacion) VALUES (3, 83, '2026-04-27 04:05:00');
INSERT INTO votos_registrados (id_votacion, id_usuario, fecha_participacion) VALUES (3, 295, '2026-04-27 08:42:00');
INSERT INTO votos_registrados (id_votacion, id_usuario, fecha_participacion) VALUES (3, 185, '2026-04-27 01:32:00');
INSERT INTO votos_registrados (id_votacion, id_usuario, fecha_participacion) VALUES (3, 328, '2026-04-26 23:01:00');
INSERT INTO votos_registrados (id_votacion, id_usuario, fecha_participacion) VALUES (3, 289, '2026-04-26 23:19:00');
INSERT INTO votos_registrados (id_votacion, id_usuario, fecha_participacion) VALUES (3, 205, '2026-04-26 17:13:00');
INSERT INTO votos_registrados (id_votacion, id_usuario, fecha_participacion) VALUES (3, 268, '2026-04-26 22:49:00');
INSERT INTO votos_registrados (id_votacion, id_usuario, fecha_participacion) VALUES (3, 308, '2026-04-27 03:12:00');
INSERT INTO votos_registrados (id_votacion, id_usuario, fecha_participacion) VALUES (3, 22, '2026-04-26 19:08:00');
INSERT INTO votos_registrados (id_votacion, id_usuario, fecha_participacion) VALUES (3, 148, '2026-04-26 16:04:00');
INSERT INTO votos_registrados (id_votacion, id_usuario, fecha_participacion) VALUES (3, 137, '2026-04-26 21:54:00');
INSERT INTO votos_registrados (id_votacion, id_usuario, fecha_participacion) VALUES (3, 153, '2026-04-26 15:32:00');
INSERT INTO votos_registrados (id_votacion, id_usuario, fecha_participacion) VALUES (3, 324, '2026-04-27 05:53:00');
INSERT INTO votos_registrados (id_votacion, id_usuario, fecha_participacion) VALUES (3, 106, '2026-04-27 11:56:00');
INSERT INTO votos_registrados (id_votacion, id_usuario, fecha_participacion) VALUES (3, 138, '2026-04-27 04:02:00');
INSERT INTO votos_registrados (id_votacion, id_usuario, fecha_participacion) VALUES (3, 263, '2026-04-27 09:21:00');
INSERT INTO votos_registrados (id_votacion, id_usuario, fecha_participacion) VALUES (3, 118, '2026-04-27 07:08:00');
INSERT INTO votos_registrados (id_votacion, id_usuario, fecha_participacion) VALUES (3, 238, '2026-04-27 07:24:00');
INSERT INTO votos_registrados (id_votacion, id_usuario, fecha_participacion) VALUES (3, 131, '2026-04-26 16:10:00');
INSERT INTO votos_registrados (id_votacion, id_usuario, fecha_participacion) VALUES (3, 65, '2026-04-26 17:53:00');
INSERT INTO votos_registrados (id_votacion, id_usuario, fecha_participacion) VALUES (3, 167, '2026-04-27 10:49:00');
INSERT INTO votos_registrados (id_votacion, id_usuario, fecha_participacion) VALUES (4, 326, '2026-04-17 10:28:00');
INSERT INTO votos_registrados (id_votacion, id_usuario, fecha_participacion) VALUES (4, 300, '2026-04-16 23:28:00');
INSERT INTO votos_registrados (id_votacion, id_usuario, fecha_participacion) VALUES (4, 231, '2026-04-16 13:46:00');
INSERT INTO votos_registrados (id_votacion, id_usuario, fecha_participacion) VALUES (4, 34, '2026-04-16 23:39:00');
INSERT INTO votos_registrados (id_votacion, id_usuario, fecha_participacion) VALUES (4, 40, '2026-04-17 01:17:00');
INSERT INTO votos_registrados (id_votacion, id_usuario, fecha_participacion) VALUES (4, 155, '2026-04-17 08:50:00');
INSERT INTO votos_registrados (id_votacion, id_usuario, fecha_participacion) VALUES (4, 319, '2026-04-16 13:04:00');
INSERT INTO votos_registrados (id_votacion, id_usuario, fecha_participacion) VALUES (4, 166, '2026-04-17 09:40:00');
INSERT INTO votos_registrados (id_votacion, id_usuario, fecha_participacion) VALUES (4, 16, '2026-04-17 00:23:00');
INSERT INTO votos_registrados (id_votacion, id_usuario, fecha_participacion) VALUES (4, 48, '2026-04-17 04:51:00');
INSERT INTO votos_registrados (id_votacion, id_usuario, fecha_participacion) VALUES (4, 64, '2026-04-17 11:43:00');
INSERT INTO votos_registrados (id_votacion, id_usuario, fecha_participacion) VALUES (4, 313, '2026-04-16 17:01:00');
INSERT INTO votos_registrados (id_votacion, id_usuario, fecha_participacion) VALUES (4, 270, '2026-04-16 16:54:00');
INSERT INTO votos_registrados (id_votacion, id_usuario, fecha_participacion) VALUES (4, 199, '2026-04-17 07:43:00');
INSERT INTO votos_registrados (id_votacion, id_usuario, fecha_participacion) VALUES (4, 129, '2026-04-17 02:02:00');
INSERT INTO votos_registrados (id_votacion, id_usuario, fecha_participacion) VALUES (4, 54, '2026-04-16 16:04:00');
INSERT INTO votos_registrados (id_votacion, id_usuario, fecha_participacion) VALUES (4, 79, '2026-04-16 19:49:00');
INSERT INTO votos_registrados (id_votacion, id_usuario, fecha_participacion) VALUES (4, 83, '2026-04-17 08:23:00');
INSERT INTO votos_registrados (id_votacion, id_usuario, fecha_participacion) VALUES (4, 157, '2026-04-16 23:24:00');
INSERT INTO votos_registrados (id_votacion, id_usuario, fecha_participacion) VALUES (4, 224, '2026-04-17 06:02:00');
INSERT INTO votos_registrados (id_votacion, id_usuario, fecha_participacion) VALUES (4, 265, '2026-04-17 07:09:00');
INSERT INTO votos_registrados (id_votacion, id_usuario, fecha_participacion) VALUES (4, 8, '2026-04-17 09:28:00');
INSERT INTO votos_registrados (id_votacion, id_usuario, fecha_participacion) VALUES (4, 331, '2026-04-16 23:23:00');
INSERT INTO votos_registrados (id_votacion, id_usuario, fecha_participacion) VALUES (4, 70, '2026-04-17 02:48:00');
INSERT INTO votos_registrados (id_votacion, id_usuario, fecha_participacion) VALUES (4, 122, '2026-04-16 14:36:00');
INSERT INTO votos_registrados (id_votacion, id_usuario, fecha_participacion) VALUES (4, 130, '2026-04-16 16:33:00');
INSERT INTO votos_registrados (id_votacion, id_usuario, fecha_participacion) VALUES (4, 171, '2026-04-16 23:25:00');
INSERT INTO votos_registrados (id_votacion, id_usuario, fecha_participacion) VALUES (4, 18, '2026-04-16 22:41:00');
INSERT INTO votos_registrados (id_votacion, id_usuario, fecha_participacion) VALUES (4, 278, '2026-04-16 20:15:00');
INSERT INTO votos_registrados (id_votacion, id_usuario, fecha_participacion) VALUES (4, 192, '2026-04-16 15:01:00');
INSERT INTO votos_registrados (id_votacion, id_usuario, fecha_participacion) VALUES (4, 153, '2026-04-17 11:11:00');
INSERT INTO votos_registrados (id_votacion, id_usuario, fecha_participacion) VALUES (4, 137, '2026-04-17 03:33:00');
INSERT INTO votos_registrados (id_votacion, id_usuario, fecha_participacion) VALUES (4, 199, '2026-04-17 00:58:00');
INSERT INTO votos_registrados (id_votacion, id_usuario, fecha_participacion) VALUES (4, 194, '2026-04-17 05:07:00');
INSERT INTO votos_registrados (id_votacion, id_usuario, fecha_participacion) VALUES (4, 153, '2026-04-16 20:49:00');
INSERT INTO votos_registrados (id_votacion, id_usuario, fecha_participacion) VALUES (4, 90, '2026-04-16 20:45:00');
INSERT INTO votos_registrados (id_votacion, id_usuario, fecha_participacion) VALUES (4, 276, '2026-04-17 02:13:00');
INSERT INTO votos_registrados (id_votacion, id_usuario, fecha_participacion) VALUES (4, 248, '2026-04-17 07:18:00');
INSERT INTO votos_registrados (id_votacion, id_usuario, fecha_participacion) VALUES (4, 242, '2026-04-17 10:58:00');
INSERT INTO votos_registrados (id_votacion, id_usuario, fecha_participacion) VALUES (4, 147, '2026-04-17 03:12:00');
INSERT INTO votos_registrados (id_votacion, id_usuario, fecha_participacion) VALUES (4, 90, '2026-04-16 15:08:00');
INSERT INTO votos_registrados (id_votacion, id_usuario, fecha_participacion) VALUES (4, 78, '2026-04-16 14:28:00');
INSERT INTO votos_registrados (id_votacion, id_usuario, fecha_participacion) VALUES (4, 220, '2026-04-16 17:57:00');
INSERT INTO votos_registrados (id_votacion, id_usuario, fecha_participacion) VALUES (4, 103, '2026-04-17 10:28:00');
INSERT INTO votos_registrados (id_votacion, id_usuario, fecha_participacion) VALUES (4, 22, '2026-04-16 14:51:00');
INSERT INTO votos_registrados (id_votacion, id_usuario, fecha_participacion) VALUES (4, 198, '2026-04-17 09:54:00');
INSERT INTO votos_registrados (id_votacion, id_usuario, fecha_participacion) VALUES (4, 263, '2026-04-16 22:42:00');
INSERT INTO votos_registrados (id_votacion, id_usuario, fecha_participacion) VALUES (4, 222, '2026-04-16 23:45:00');
INSERT INTO votos_registrados (id_votacion, id_usuario, fecha_participacion) VALUES (4, 71, '2026-04-16 14:35:00');
INSERT INTO votos_registrados (id_votacion, id_usuario, fecha_participacion) VALUES (4, 51, '2026-04-17 05:18:00');
INSERT INTO votos_registrados (id_votacion, id_usuario, fecha_participacion) VALUES (4, 235, '2026-04-16 21:54:00');
INSERT INTO votos_registrados (id_votacion, id_usuario, fecha_participacion) VALUES (4, 42, '2026-04-16 17:45:00');
INSERT INTO votos_registrados (id_votacion, id_usuario, fecha_participacion) VALUES (4, 60, '2026-04-17 10:59:00');
INSERT INTO votos_registrados (id_votacion, id_usuario, fecha_participacion) VALUES (4, 107, '2026-04-17 10:40:00');
INSERT INTO votos_registrados (id_votacion, id_usuario, fecha_participacion) VALUES (4, 238, '2026-04-16 17:50:00');
INSERT INTO votos_registrados (id_votacion, id_usuario, fecha_participacion) VALUES (4, 128, '2026-04-16 23:32:00');
INSERT INTO votos_registrados (id_votacion, id_usuario, fecha_participacion) VALUES (4, 35, '2026-04-16 19:07:00');
INSERT INTO votos_registrados (id_votacion, id_usuario, fecha_participacion) VALUES (4, 205, '2026-04-16 18:50:00');
INSERT INTO votos_registrados (id_votacion, id_usuario, fecha_participacion) VALUES (4, 21, '2026-04-16 16:15:00');
INSERT INTO votos_registrados (id_votacion, id_usuario, fecha_participacion) VALUES (4, 221, '2026-04-17 03:01:00');
INSERT INTO votos_registrados (id_votacion, id_usuario, fecha_participacion) VALUES (4, 271, '2026-04-16 23:35:00');
INSERT INTO votos_registrados (id_votacion, id_usuario, fecha_participacion) VALUES (4, 179, '2026-04-17 06:23:00');
INSERT INTO votos_registrados (id_votacion, id_usuario, fecha_participacion) VALUES (4, 154, '2026-04-17 02:51:00');
INSERT INTO votos_registrados (id_votacion, id_usuario, fecha_participacion) VALUES (4, 267, '2026-04-17 05:08:00');
INSERT INTO votos_registrados (id_votacion, id_usuario, fecha_participacion) VALUES (4, 139, '2026-04-17 07:56:00');
INSERT INTO votos_registrados (id_votacion, id_usuario, fecha_participacion) VALUES (4, 127, '2026-04-16 14:04:00');
INSERT INTO votos_registrados (id_votacion, id_usuario, fecha_participacion) VALUES (4, 121, '2026-04-16 21:25:00');
INSERT INTO votos_registrados (id_votacion, id_usuario, fecha_participacion) VALUES (4, 317, '2026-04-17 10:46:00');
INSERT INTO votos_registrados (id_votacion, id_usuario, fecha_participacion) VALUES (4, 222, '2026-04-17 03:33:00');
INSERT INTO votos_registrados (id_votacion, id_usuario, fecha_participacion) VALUES (4, 131, '2026-04-17 01:49:00');
INSERT INTO votos_registrados (id_votacion, id_usuario, fecha_participacion) VALUES (4, 50, '2026-04-17 01:52:00');
INSERT INTO votos_registrados (id_votacion, id_usuario, fecha_participacion) VALUES (4, 210, '2026-04-17 06:04:00');
INSERT INTO votos_registrados (id_votacion, id_usuario, fecha_participacion) VALUES (4, 281, '2026-04-16 16:20:00');
INSERT INTO votos_registrados (id_votacion, id_usuario, fecha_participacion) VALUES (4, 82, '2026-04-17 08:04:00');
INSERT INTO votos_registrados (id_votacion, id_usuario, fecha_participacion) VALUES (4, 233, '2026-04-17 02:29:00');
INSERT INTO votos_registrados (id_votacion, id_usuario, fecha_participacion) VALUES (4, 152, '2026-04-17 09:33:00');
INSERT INTO votos_registrados (id_votacion, id_usuario, fecha_participacion) VALUES (4, 84, '2026-04-16 23:08:00');
INSERT INTO votos_registrados (id_votacion, id_usuario, fecha_participacion) VALUES (4, 207, '2026-04-17 05:40:00');
INSERT INTO votos_registrados (id_votacion, id_usuario, fecha_participacion) VALUES (4, 265, '2026-04-17 06:11:00');
INSERT INTO votos_registrados (id_votacion, id_usuario, fecha_participacion) VALUES (4, 118, '2026-04-16 16:27:00');
INSERT INTO votos_registrados (id_votacion, id_usuario, fecha_participacion) VALUES (4, 199, '2026-04-17 04:58:00');
INSERT INTO votos_registrados (id_votacion, id_usuario, fecha_participacion) VALUES (4, 244, '2026-04-16 13:53:00');
INSERT INTO votos_registrados (id_votacion, id_usuario, fecha_participacion) VALUES (4, 78, '2026-04-16 15:33:00');
INSERT INTO votos_registrados (id_votacion, id_usuario, fecha_participacion) VALUES (4, 277, '2026-04-16 16:19:00');
INSERT INTO votos_registrados (id_votacion, id_usuario, fecha_participacion) VALUES (4, 300, '2026-04-16 17:10:00');
INSERT INTO votos_registrados (id_votacion, id_usuario, fecha_participacion) VALUES (4, 27, '2026-04-16 22:59:00');
INSERT INTO votos_registrados (id_votacion, id_usuario, fecha_participacion) VALUES (5, 185, '2026-04-12 06:26:00');
INSERT INTO votos_registrados (id_votacion, id_usuario, fecha_participacion) VALUES (5, 153, '2026-04-12 07:40:00');
INSERT INTO votos_registrados (id_votacion, id_usuario, fecha_participacion) VALUES (5, 273, '2026-04-11 12:31:00');
INSERT INTO votos_registrados (id_votacion, id_usuario, fecha_participacion) VALUES (5, 327, '2026-04-12 08:34:00');
INSERT INTO votos_registrados (id_votacion, id_usuario, fecha_participacion) VALUES (5, 86, '2026-04-11 21:41:00');
INSERT INTO votos_registrados (id_votacion, id_usuario, fecha_participacion) VALUES (5, 72, '2026-04-11 21:30:00');
INSERT INTO votos_registrados (id_votacion, id_usuario, fecha_participacion) VALUES (5, 290, '2026-04-11 19:51:00');
INSERT INTO votos_registrados (id_votacion, id_usuario, fecha_participacion) VALUES (6, 28, '2026-01-10 17:47:00');
INSERT INTO votos_registrados (id_votacion, id_usuario, fecha_participacion) VALUES (6, 299, '2026-01-11 00:13:00');
INSERT INTO votos_registrados (id_votacion, id_usuario, fecha_participacion) VALUES (6, 233, '2026-01-10 15:52:00');
INSERT INTO votos_registrados (id_votacion, id_usuario, fecha_participacion) VALUES (6, 91, '2026-01-11 02:17:00');
INSERT INTO votos_registrados (id_votacion, id_usuario, fecha_participacion) VALUES (6, 12, '2026-01-11 02:44:00');
INSERT INTO votos_registrados (id_votacion, id_usuario, fecha_participacion) VALUES (6, 188, '2026-01-10 17:08:00');
INSERT INTO votos_registrados (id_votacion, id_usuario, fecha_participacion) VALUES (6, 81, '2026-01-10 12:39:00');
INSERT INTO votos_registrados (id_votacion, id_usuario, fecha_participacion) VALUES (6, 209, '2026-01-11 08:37:00');
INSERT INTO votos_registrados (id_votacion, id_usuario, fecha_participacion) VALUES (6, 89, '2026-01-10 16:15:00');
INSERT INTO votos_registrados (id_votacion, id_usuario, fecha_participacion) VALUES (6, 181, '2026-01-10 10:42:00');
INSERT INTO votos_registrados (id_votacion, id_usuario, fecha_participacion) VALUES (6, 74, '2026-01-11 01:14:00');
INSERT INTO votos_registrados (id_votacion, id_usuario, fecha_participacion) VALUES (6, 264, '2026-01-11 05:14:00');
INSERT INTO votos_registrados (id_votacion, id_usuario, fecha_participacion) VALUES (6, 238, '2026-01-10 10:06:00');
INSERT INTO votos_registrados (id_votacion, id_usuario, fecha_participacion) VALUES (6, 57, '2026-01-10 22:21:00');
INSERT INTO votos_registrados (id_votacion, id_usuario, fecha_participacion) VALUES (6, 38, '2026-01-11 07:30:00');
INSERT INTO votos_registrados (id_votacion, id_usuario, fecha_participacion) VALUES (6, 214, '2026-01-10 12:43:00');
INSERT INTO votos_registrados (id_votacion, id_usuario, fecha_participacion) VALUES (6, 151, '2026-01-10 13:00:00');
INSERT INTO votos_registrados (id_votacion, id_usuario, fecha_participacion) VALUES (6, 168, '2026-01-11 02:59:00');
INSERT INTO votos_registrados (id_votacion, id_usuario, fecha_participacion) VALUES (6, 131, '2026-01-10 14:26:00');
INSERT INTO votos_registrados (id_votacion, id_usuario, fecha_participacion) VALUES (6, 240, '2026-01-11 05:59:00');
INSERT INTO votos_registrados (id_votacion, id_usuario, fecha_participacion) VALUES (6, 118, '2026-01-11 00:30:00');
INSERT INTO votos_registrados (id_votacion, id_usuario, fecha_participacion) VALUES (6, 303, '2026-01-11 05:12:00');
INSERT INTO votos_registrados (id_votacion, id_usuario, fecha_participacion) VALUES (6, 266, '2026-01-10 18:20:00');
INSERT INTO votos_registrados (id_votacion, id_usuario, fecha_participacion) VALUES (6, 197, '2026-01-10 18:41:00');
INSERT INTO votos_registrados (id_votacion, id_usuario, fecha_participacion) VALUES (6, 209, '2026-01-10 10:58:00');
INSERT INTO votos_registrados (id_votacion, id_usuario, fecha_participacion) VALUES (6, 289, '2026-01-10 11:41:00');
INSERT INTO votos_registrados (id_votacion, id_usuario, fecha_participacion) VALUES (6, 70, '2026-01-11 03:14:00');
INSERT INTO votos_registrados (id_votacion, id_usuario, fecha_participacion) VALUES (6, 273, '2026-01-11 02:47:00');
INSERT INTO votos_registrados (id_votacion, id_usuario, fecha_participacion) VALUES (6, 248, '2026-01-11 08:54:00');
INSERT INTO votos_registrados (id_votacion, id_usuario, fecha_participacion) VALUES (6, 195, '2026-01-10 10:58:00');
INSERT INTO votos_registrados (id_votacion, id_usuario, fecha_participacion) VALUES (6, 196, '2026-01-10 14:26:00');
INSERT INTO votos_registrados (id_votacion, id_usuario, fecha_participacion) VALUES (6, 33, '2026-01-10 14:59:00');
INSERT INTO votos_registrados (id_votacion, id_usuario, fecha_participacion) VALUES (6, 57, '2026-01-10 10:53:00');
INSERT INTO votos_registrados (id_votacion, id_usuario, fecha_participacion) VALUES (6, 73, '2026-01-10 21:50:00');
INSERT INTO votos_registrados (id_votacion, id_usuario, fecha_participacion) VALUES (6, 220, '2026-01-11 00:11:00');
INSERT INTO votos_registrados (id_votacion, id_usuario, fecha_participacion) VALUES (6, 327, '2026-01-11 08:55:00');
INSERT INTO votos_registrados (id_votacion, id_usuario, fecha_participacion) VALUES (6, 212, '2026-01-10 18:56:00');
INSERT INTO votos_registrados (id_votacion, id_usuario, fecha_participacion) VALUES (6, 282, '2026-01-10 10:00:00');
INSERT INTO votos_registrados (id_votacion, id_usuario, fecha_participacion) VALUES (6, 178, '2026-01-10 18:36:00');
INSERT INTO votos_registrados (id_votacion, id_usuario, fecha_participacion) VALUES (6, 143, '2026-01-11 04:06:00');
INSERT INTO votos_registrados (id_votacion, id_usuario, fecha_participacion) VALUES (6, 168, '2026-01-10 19:18:00');
INSERT INTO votos_registrados (id_votacion, id_usuario, fecha_participacion) VALUES (6, 45, '2026-01-10 23:41:00');
INSERT INTO votos_registrados (id_votacion, id_usuario, fecha_participacion) VALUES (6, 152, '2026-01-11 02:33:00');
INSERT INTO votos_registrados (id_votacion, id_usuario, fecha_participacion) VALUES (6, 161, '2026-01-11 00:56:00');
INSERT INTO votos_registrados (id_votacion, id_usuario, fecha_participacion) VALUES (6, 165, '2026-01-10 13:54:00');
INSERT INTO votos_registrados (id_votacion, id_usuario, fecha_participacion) VALUES (6, 318, '2026-01-11 01:29:00');
INSERT INTO votos_registrados (id_votacion, id_usuario, fecha_participacion) VALUES (6, 62, '2026-01-10 17:12:00');
INSERT INTO votos_registrados (id_votacion, id_usuario, fecha_participacion) VALUES (6, 296, '2026-01-10 12:21:00');
INSERT INTO votos_registrados (id_votacion, id_usuario, fecha_participacion) VALUES (6, 63, '2026-01-10 14:46:00');
INSERT INTO votos_registrados (id_votacion, id_usuario, fecha_participacion) VALUES (6, 268, '2026-01-10 23:41:00');
INSERT INTO votos_registrados (id_votacion, id_usuario, fecha_participacion) VALUES (6, 228, '2026-01-10 17:45:00');
INSERT INTO votos_registrados (id_votacion, id_usuario, fecha_participacion) VALUES (6, 271, '2026-01-10 14:00:00');
INSERT INTO votos_registrados (id_votacion, id_usuario, fecha_participacion) VALUES (6, 291, '2026-01-11 08:21:00');
INSERT INTO votos_registrados (id_votacion, id_usuario, fecha_participacion) VALUES (6, 156, '2026-01-10 18:36:00');
INSERT INTO votos_registrados (id_votacion, id_usuario, fecha_participacion) VALUES (6, 177, '2026-01-11 06:48:00');
INSERT INTO votos_registrados (id_votacion, id_usuario, fecha_participacion) VALUES (6, 213, '2026-01-10 15:11:00');
INSERT INTO votos_registrados (id_votacion, id_usuario, fecha_participacion) VALUES (6, 175, '2026-01-11 04:54:00');
INSERT INTO votos_registrados (id_votacion, id_usuario, fecha_participacion) VALUES (6, 323, '2026-01-11 05:57:00');
INSERT INTO votos_registrados (id_votacion, id_usuario, fecha_participacion) VALUES (6, 323, '2026-01-10 21:52:00');
INSERT INTO votos_registrados (id_votacion, id_usuario, fecha_participacion) VALUES (6, 267, '2026-01-10 22:32:00');
INSERT INTO votos_registrados (id_votacion, id_usuario, fecha_participacion) VALUES (6, 89, '2026-01-10 19:05:00');
INSERT INTO votos_registrados (id_votacion, id_usuario, fecha_participacion) VALUES (6, 238, '2026-01-10 21:42:00');
INSERT INTO votos_registrados (id_votacion, id_usuario, fecha_participacion) VALUES (6, 213, '2026-01-10 12:11:00');
INSERT INTO votos_registrados (id_votacion, id_usuario, fecha_participacion) VALUES (6, 222, '2026-01-10 13:30:00');
INSERT INTO votos_registrados (id_votacion, id_usuario, fecha_participacion) VALUES (6, 293, '2026-01-10 19:59:00');
INSERT INTO votos_registrados (id_votacion, id_usuario, fecha_participacion) VALUES (6, 261, '2026-01-10 16:00:00');
INSERT INTO votos_registrados (id_votacion, id_usuario, fecha_participacion) VALUES (6, 320, '2026-01-10 17:24:00');
INSERT INTO votos_registrados (id_votacion, id_usuario, fecha_participacion) VALUES (6, 193, '2026-01-10 16:28:00');
INSERT INTO votos_registrados (id_votacion, id_usuario, fecha_participacion) VALUES (6, 263, '2026-01-10 17:21:00');
INSERT INTO votos_registrados (id_votacion, id_usuario, fecha_participacion) VALUES (6, 209, '2026-01-10 18:37:00');
INSERT INTO votos_registrados (id_votacion, id_usuario, fecha_participacion) VALUES (6, 251, '2026-01-11 08:36:00');
INSERT INTO votos_registrados (id_votacion, id_usuario, fecha_participacion) VALUES (6, 171, '2026-01-10 09:16:00');
INSERT INTO votos_registrados (id_votacion, id_usuario, fecha_participacion) VALUES (6, 68, '2026-01-11 05:23:00');
INSERT INTO votos_registrados (id_votacion, id_usuario, fecha_participacion) VALUES (6, 19, '2026-01-11 07:15:00');
INSERT INTO votos_registrados (id_votacion, id_usuario, fecha_participacion) VALUES (6, 78, '2026-01-10 10:42:00');
INSERT INTO votos_registrados (id_votacion, id_usuario, fecha_participacion) VALUES (6, 109, '2026-01-10 12:29:00');
INSERT INTO votos_registrados (id_votacion, id_usuario, fecha_participacion) VALUES (6, 262, '2026-01-10 18:10:00');
INSERT INTO votos_registrados (id_votacion, id_usuario, fecha_participacion) VALUES (6, 54, '2026-01-10 21:43:00');
INSERT INTO votos_registrados (id_votacion, id_usuario, fecha_participacion) VALUES (6, 245, '2026-01-11 01:59:00');
INSERT INTO votos_registrados (id_votacion, id_usuario, fecha_participacion) VALUES (6, 180, '2026-01-11 07:49:00');
INSERT INTO votos_registrados (id_votacion, id_usuario, fecha_participacion) VALUES (6, 79, '2026-01-10 18:44:00');
INSERT INTO votos_registrados (id_votacion, id_usuario, fecha_participacion) VALUES (6, 306, '2026-01-10 12:40:00');
INSERT INTO votos_registrados (id_votacion, id_usuario, fecha_participacion) VALUES (6, 205, '2026-01-10 18:23:00');
INSERT INTO votos_registrados (id_votacion, id_usuario, fecha_participacion) VALUES (6, 88, '2026-01-11 04:14:00');
INSERT INTO votos_registrados (id_votacion, id_usuario, fecha_participacion) VALUES (6, 266, '2026-01-10 16:08:00');
INSERT INTO votos_registrados (id_votacion, id_usuario, fecha_participacion) VALUES (6, 31, '2026-01-11 00:09:00');
INSERT INTO votos_registrados (id_votacion, id_usuario, fecha_participacion) VALUES (6, 199, '2026-01-10 23:47:00');
INSERT INTO votos_registrados (id_votacion, id_usuario, fecha_participacion) VALUES (7, 199, '2026-02-01 15:21:00');
INSERT INTO votos_registrados (id_votacion, id_usuario, fecha_participacion) VALUES (7, 220, '2026-02-01 16:24:00');
INSERT INTO votos_registrados (id_votacion, id_usuario, fecha_participacion) VALUES (7, 289, '2026-02-02 03:53:00');
INSERT INTO votos_registrados (id_votacion, id_usuario, fecha_participacion) VALUES (7, 249, '2026-02-01 16:31:00');
INSERT INTO votos_registrados (id_votacion, id_usuario, fecha_participacion) VALUES (7, 283, '2026-02-02 02:41:00');
INSERT INTO votos_registrados (id_votacion, id_usuario, fecha_participacion) VALUES (7, 119, '2026-02-02 06:21:00');
INSERT INTO votos_registrados (id_votacion, id_usuario, fecha_participacion) VALUES (7, 134, '2026-02-01 17:48:00');
INSERT INTO votos_registrados (id_votacion, id_usuario, fecha_participacion) VALUES (7, 313, '2026-02-02 00:46:00');
INSERT INTO votos_registrados (id_votacion, id_usuario, fecha_participacion) VALUES (7, 49, '2026-02-02 05:47:00');
INSERT INTO votos_registrados (id_votacion, id_usuario, fecha_participacion) VALUES (7, 277, '2026-02-02 00:29:00');
INSERT INTO votos_registrados (id_votacion, id_usuario, fecha_participacion) VALUES (7, 236, '2026-02-01 14:46:00');
INSERT INTO votos_registrados (id_votacion, id_usuario, fecha_participacion) VALUES (7, 278, '2026-02-01 20:10:00');
INSERT INTO votos_registrados (id_votacion, id_usuario, fecha_participacion) VALUES (7, 193, '2026-02-01 13:46:00');
INSERT INTO votos_registrados (id_votacion, id_usuario, fecha_participacion) VALUES (7, 47, '2026-02-02 02:31:00');
INSERT INTO votos_registrados (id_votacion, id_usuario, fecha_participacion) VALUES (7, 296, '2026-02-01 14:58:00');
INSERT INTO votos_registrados (id_votacion, id_usuario, fecha_participacion) VALUES (7, 65, '2026-02-02 02:41:00');
INSERT INTO votos_registrados (id_votacion, id_usuario, fecha_participacion) VALUES (7, 39, '2026-02-01 10:33:00');
INSERT INTO votos_registrados (id_votacion, id_usuario, fecha_participacion) VALUES (7, 288, '2026-02-01 10:53:00');
INSERT INTO votos_registrados (id_votacion, id_usuario, fecha_participacion) VALUES (7, 266, '2026-02-01 11:52:00');
INSERT INTO votos_registrados (id_votacion, id_usuario, fecha_participacion) VALUES (7, 111, '2026-02-02 06:03:00');
INSERT INTO votos_registrados (id_votacion, id_usuario, fecha_participacion) VALUES (7, 301, '2026-02-01 09:26:00');
INSERT INTO votos_registrados (id_votacion, id_usuario, fecha_participacion) VALUES (7, 282, '2026-02-01 13:53:00');
INSERT INTO votos_registrados (id_votacion, id_usuario, fecha_participacion) VALUES (7, 84, '2026-02-02 05:14:00');
INSERT INTO votos_registrados (id_votacion, id_usuario, fecha_participacion) VALUES (7, 92, '2026-02-01 11:45:00');
INSERT INTO votos_registrados (id_votacion, id_usuario, fecha_participacion) VALUES (7, 175, '2026-02-01 13:00:00');
INSERT INTO votos_registrados (id_votacion, id_usuario, fecha_participacion) VALUES (7, 274, '2026-02-01 15:32:00');
INSERT INTO votos_registrados (id_votacion, id_usuario, fecha_participacion) VALUES (7, 234, '2026-02-01 23:23:00');
INSERT INTO votos_registrados (id_votacion, id_usuario, fecha_participacion) VALUES (7, 67, '2026-02-01 10:39:00');
INSERT INTO votos_registrados (id_votacion, id_usuario, fecha_participacion) VALUES (7, 113, '2026-02-02 05:42:00');
INSERT INTO votos_registrados (id_votacion, id_usuario, fecha_participacion) VALUES (7, 258, '2026-02-02 04:58:00');
INSERT INTO votos_registrados (id_votacion, id_usuario, fecha_participacion) VALUES (7, 54, '2026-02-02 00:42:00');
INSERT INTO votos_registrados (id_votacion, id_usuario, fecha_participacion) VALUES (7, 269, '2026-02-02 00:01:00');
INSERT INTO votos_registrados (id_votacion, id_usuario, fecha_participacion) VALUES (7, 321, '2026-02-01 09:34:00');
INSERT INTO votos_registrados (id_votacion, id_usuario, fecha_participacion) VALUES (7, 36, '2026-02-02 02:26:00');
INSERT INTO votos_registrados (id_votacion, id_usuario, fecha_participacion) VALUES (7, 240, '2026-02-01 09:01:00');
INSERT INTO votos_registrados (id_votacion, id_usuario, fecha_participacion) VALUES (7, 75, '2026-02-02 01:46:00');
INSERT INTO votos_registrados (id_votacion, id_usuario, fecha_participacion) VALUES (7, 270, '2026-02-01 17:34:00');
INSERT INTO votos_registrados (id_votacion, id_usuario, fecha_participacion) VALUES (7, 330, '2026-02-01 18:01:00');
INSERT INTO votos_registrados (id_votacion, id_usuario, fecha_participacion) VALUES (7, 241, '2026-02-02 01:52:00');
INSERT INTO votos_registrados (id_votacion, id_usuario, fecha_participacion) VALUES (7, 37, '2026-02-02 07:43:00');
INSERT INTO votos_registrados (id_votacion, id_usuario, fecha_participacion) VALUES (7, 244, '2026-02-01 22:51:00');
INSERT INTO votos_registrados (id_votacion, id_usuario, fecha_participacion) VALUES (7, 165, '2026-02-01 14:06:00');
INSERT INTO votos_registrados (id_votacion, id_usuario, fecha_participacion) VALUES (7, 19, '2026-02-01 12:33:00');
INSERT INTO votos_registrados (id_votacion, id_usuario, fecha_participacion) VALUES (7, 210, '2026-02-01 13:15:00');
INSERT INTO votos_registrados (id_votacion, id_usuario, fecha_participacion) VALUES (7, 138, '2026-02-01 15:39:00');
INSERT INTO votos_registrados (id_votacion, id_usuario, fecha_participacion) VALUES (7, 9, '2026-02-02 01:16:00');
INSERT INTO votos_registrados (id_votacion, id_usuario, fecha_participacion) VALUES (7, 326, '2026-02-01 20:17:00');
INSERT INTO votos_registrados (id_votacion, id_usuario, fecha_participacion) VALUES (7, 45, '2026-02-01 21:05:00');
INSERT INTO votos_registrados (id_votacion, id_usuario, fecha_participacion) VALUES (7, 31, '2026-02-01 20:25:00');
INSERT INTO votos_registrados (id_votacion, id_usuario, fecha_participacion) VALUES (7, 224, '2026-02-01 23:36:00');
INSERT INTO votos_registrados (id_votacion, id_usuario, fecha_participacion) VALUES (7, 184, '2026-02-01 16:44:00');
INSERT INTO votos_registrados (id_votacion, id_usuario, fecha_participacion) VALUES (7, 40, '2026-02-01 16:19:00');
INSERT INTO votos_registrados (id_votacion, id_usuario, fecha_participacion) VALUES (7, 38, '2026-02-02 06:52:00');
INSERT INTO votos_registrados (id_votacion, id_usuario, fecha_participacion) VALUES (7, 43, '2026-02-01 11:41:00');
INSERT INTO votos_registrados (id_votacion, id_usuario, fecha_participacion) VALUES (7, 328, '2026-02-02 05:48:00');
INSERT INTO votos_registrados (id_votacion, id_usuario, fecha_participacion) VALUES (7, 24, '2026-02-01 10:05:00');
INSERT INTO votos_registrados (id_votacion, id_usuario, fecha_participacion) VALUES (7, 154, '2026-02-01 21:24:00');
INSERT INTO votos_registrados (id_votacion, id_usuario, fecha_participacion) VALUES (7, 217, '2026-02-01 21:35:00');
INSERT INTO votos_registrados (id_votacion, id_usuario, fecha_participacion) VALUES (7, 100, '2026-02-02 00:03:00');
INSERT INTO votos_registrados (id_votacion, id_usuario, fecha_participacion) VALUES (7, 77, '2026-02-02 05:00:00');
INSERT INTO votos_registrados (id_votacion, id_usuario, fecha_participacion) VALUES (7, 223, '2026-02-02 07:10:00');
INSERT INTO votos_registrados (id_votacion, id_usuario, fecha_participacion) VALUES (7, 331, '2026-02-01 11:31:00');
INSERT INTO votos_registrados (id_votacion, id_usuario, fecha_participacion) VALUES (7, 203, '2026-02-01 22:41:00');
INSERT INTO votos_registrados (id_votacion, id_usuario, fecha_participacion) VALUES (7, 237, '2026-02-01 19:36:00');
INSERT INTO votos_registrados (id_votacion, id_usuario, fecha_participacion) VALUES (7, 201, '2026-02-01 12:57:00');
INSERT INTO votos_registrados (id_votacion, id_usuario, fecha_participacion) VALUES (7, 200, '2026-02-02 01:58:00');
INSERT INTO votos_registrados (id_votacion, id_usuario, fecha_participacion) VALUES (7, 323, '2026-02-01 10:14:00');
INSERT INTO votos_registrados (id_votacion, id_usuario, fecha_participacion) VALUES (7, 76, '2026-02-01 15:57:00');
INSERT INTO votos_registrados (id_votacion, id_usuario, fecha_participacion) VALUES (7, 186, '2026-02-02 07:56:00');
INSERT INTO votos_registrados (id_votacion, id_usuario, fecha_participacion) VALUES (7, 279, '2026-02-02 03:30:00');
INSERT INTO votos_registrados (id_votacion, id_usuario, fecha_participacion) VALUES (7, 53, '2026-02-01 17:02:00');
INSERT INTO votos_registrados (id_votacion, id_usuario, fecha_participacion) VALUES (7, 145, '2026-02-01 11:43:00');
INSERT INTO votos_registrados (id_votacion, id_usuario, fecha_participacion) VALUES (7, 108, '2026-02-01 17:57:00');
INSERT INTO votos_registrados (id_votacion, id_usuario, fecha_participacion) VALUES (7, 143, '2026-02-02 02:36:00');
INSERT INTO votos_registrados (id_votacion, id_usuario, fecha_participacion) VALUES (7, 280, '2026-02-02 06:02:00');
INSERT INTO votos_registrados (id_votacion, id_usuario, fecha_participacion) VALUES (7, 194, '2026-02-01 14:59:00');
INSERT INTO votos_registrados (id_votacion, id_usuario, fecha_participacion) VALUES (7, 316, '2026-02-01 19:01:00');
INSERT INTO votos_registrados (id_votacion, id_usuario, fecha_participacion) VALUES (7, 221, '2026-02-01 15:37:00');
INSERT INTO votos_registrados (id_votacion, id_usuario, fecha_participacion) VALUES (7, 8, '2026-02-01 13:48:00');
INSERT INTO votos_registrados (id_votacion, id_usuario, fecha_participacion) VALUES (7, 267, '2026-02-02 07:52:00');
INSERT INTO votos_registrados (id_votacion, id_usuario, fecha_participacion) VALUES (7, 13, '2026-02-01 21:59:00');
INSERT INTO votos_registrados (id_votacion, id_usuario, fecha_participacion) VALUES (7, 309, '2026-02-01 11:19:00');
INSERT INTO votos_registrados (id_votacion, id_usuario, fecha_participacion) VALUES (7, 126, '2026-02-01 14:36:00');
INSERT INTO votos_registrados (id_votacion, id_usuario, fecha_participacion) VALUES (7, 180, '2026-02-01 16:36:00');
INSERT INTO votos_registrados (id_votacion, id_usuario, fecha_participacion) VALUES (7, 192, '2026-02-01 21:43:00');
INSERT INTO votos_registrados (id_votacion, id_usuario, fecha_participacion) VALUES (7, 147, '2026-02-02 02:21:00');
INSERT INTO votos_registrados (id_votacion, id_usuario, fecha_participacion) VALUES (7, 116, '2026-02-01 21:48:00');
INSERT INTO votos_registrados (id_votacion, id_usuario, fecha_participacion) VALUES (7, 144, '2026-02-02 08:08:00');
INSERT INTO votos_registrados (id_votacion, id_usuario, fecha_participacion) VALUES (7, 105, '2026-02-02 07:46:00');
INSERT INTO votos_registrados (id_votacion, id_usuario, fecha_participacion) VALUES (7, 218, '2026-02-01 11:32:00');
INSERT INTO votos_registrados (id_votacion, id_usuario, fecha_participacion) VALUES (7, 66, '2026-02-02 08:22:00');
INSERT INTO votos_registrados (id_votacion, id_usuario, fecha_participacion) VALUES (7, 71, '2026-02-01 10:06:00');
INSERT INTO votos_registrados (id_votacion, id_usuario, fecha_participacion) VALUES (7, 125, '2026-02-01 22:14:00');
INSERT INTO votos_registrados (id_votacion, id_usuario, fecha_participacion) VALUES (7, 96, '2026-02-01 11:21:00');
INSERT INTO votos_registrados (id_votacion, id_usuario, fecha_participacion) VALUES (7, 318, '2026-02-02 04:49:00');
INSERT INTO votos_registrados (id_votacion, id_usuario, fecha_participacion) VALUES (7, 78, '2026-02-02 04:38:00');
INSERT INTO votos_registrados (id_votacion, id_usuario, fecha_participacion) VALUES (7, 56, '2026-02-01 21:49:00');
INSERT INTO votos_registrados (id_votacion, id_usuario, fecha_participacion) VALUES (7, 232, '2026-02-01 19:01:00');
INSERT INTO votos_registrados (id_votacion, id_usuario, fecha_participacion) VALUES (7, 319, '2026-02-02 05:17:00');
INSERT INTO votos_registrados (id_votacion, id_usuario, fecha_participacion) VALUES (7, 300, '2026-02-01 23:31:00');
INSERT INTO votos_registrados (id_votacion, id_usuario, fecha_participacion) VALUES (7, 298, '2026-02-01 16:22:00');
INSERT INTO votos_registrados (id_votacion, id_usuario, fecha_participacion) VALUES (7, 16, '2026-02-02 02:24:00');
INSERT INTO votos_registrados (id_votacion, id_usuario, fecha_participacion) VALUES (7, 215, '2026-02-01 22:11:00');
INSERT INTO votos_registrados (id_votacion, id_usuario, fecha_participacion) VALUES (7, 177, '2026-02-02 06:37:00');
INSERT INTO votos_registrados (id_votacion, id_usuario, fecha_participacion) VALUES (7, 115, '2026-02-02 06:24:00');
INSERT INTO votos_registrados (id_votacion, id_usuario, fecha_participacion) VALUES (7, 290, '2026-02-01 11:49:00');
INSERT INTO votos_registrados (id_votacion, id_usuario, fecha_participacion) VALUES (7, 204, '2026-02-02 04:18:00');
INSERT INTO votos_registrados (id_votacion, id_usuario, fecha_participacion) VALUES (7, 12, '2026-02-01 16:45:00');
INSERT INTO votos_registrados (id_votacion, id_usuario, fecha_participacion) VALUES (7, 69, '2026-02-01 11:05:00');
INSERT INTO votos_registrados (id_votacion, id_usuario, fecha_participacion) VALUES (7, 60, '2026-02-01 17:09:00');
INSERT INTO votos_registrados (id_votacion, id_usuario, fecha_participacion) VALUES (7, 25, '2026-02-01 21:45:00');
INSERT INTO votos_registrados (id_votacion, id_usuario, fecha_participacion) VALUES (7, 33, '2026-02-02 05:09:00');
INSERT INTO votos_registrados (id_votacion, id_usuario, fecha_participacion) VALUES (7, 160, '2026-02-02 08:24:00');
INSERT INTO votos_registrados (id_votacion, id_usuario, fecha_participacion) VALUES (7, 230, '2026-02-01 19:23:00');
INSERT INTO votos_registrados (id_votacion, id_usuario, fecha_participacion) VALUES (7, 122, '2026-02-01 12:05:00');
INSERT INTO votos_registrados (id_votacion, id_usuario, fecha_participacion) VALUES (7, 161, '2026-02-01 09:19:00');
INSERT INTO votos_registrados (id_votacion, id_usuario, fecha_participacion) VALUES (7, 248, '2026-02-01 23:23:00');
INSERT INTO votos_registrados (id_votacion, id_usuario, fecha_participacion) VALUES (7, 188, '2026-02-01 17:06:00');
INSERT INTO votos_registrados (id_votacion, id_usuario, fecha_participacion) VALUES (7, 20, '2026-02-01 13:05:00');
INSERT INTO votos_registrados (id_votacion, id_usuario, fecha_participacion) VALUES (7, 70, '2026-02-01 14:27:00');
INSERT INTO votos_registrados (id_votacion, id_usuario, fecha_participacion) VALUES (7, 197, '2026-02-01 23:35:00');
INSERT INTO votos_registrados (id_votacion, id_usuario, fecha_participacion) VALUES (7, 329, '2026-02-02 02:32:00');
INSERT INTO votos_registrados (id_votacion, id_usuario, fecha_participacion) VALUES (7, 110, '2026-02-01 22:06:00');
INSERT INTO votos_registrados (id_votacion, id_usuario, fecha_participacion) VALUES (7, 120, '2026-02-01 09:05:00');
INSERT INTO votos_registrados (id_votacion, id_usuario, fecha_participacion) VALUES (7, 304, '2026-02-01 20:35:00');
INSERT INTO votos_registrados (id_votacion, id_usuario, fecha_participacion) VALUES (7, 146, '2026-02-01 11:38:00');
INSERT INTO votos_registrados (id_votacion, id_usuario, fecha_participacion) VALUES (7, 63, '2026-02-02 04:50:00');
INSERT INTO votos_registrados (id_votacion, id_usuario, fecha_participacion) VALUES (7, 252, '2026-02-01 19:55:00');
INSERT INTO votos_registrados (id_votacion, id_usuario, fecha_participacion) VALUES (7, 22, '2026-02-01 21:00:00');
INSERT INTO votos_registrados (id_votacion, id_usuario, fecha_participacion) VALUES (7, 320, '2026-02-01 18:26:00');
INSERT INTO votos_registrados (id_votacion, id_usuario, fecha_participacion) VALUES (7, 136, '2026-02-01 21:49:00');
INSERT INTO votos_registrados (id_votacion, id_usuario, fecha_participacion) VALUES (7, 82, '2026-02-01 11:46:00');
INSERT INTO votos_registrados (id_votacion, id_usuario, fecha_participacion) VALUES (7, 207, '2026-02-02 02:57:00');
INSERT INTO votos_registrados (id_votacion, id_usuario, fecha_participacion) VALUES (7, 195, '2026-02-01 16:36:00');
INSERT INTO votos_registrados (id_votacion, id_usuario, fecha_participacion) VALUES (7, 155, '2026-02-02 01:10:00');
INSERT INTO votos_registrados (id_votacion, id_usuario, fecha_participacion) VALUES (7, 89, '2026-02-02 06:24:00');
INSERT INTO votos_registrados (id_votacion, id_usuario, fecha_participacion) VALUES (7, 211, '2026-02-01 14:08:00');
INSERT INTO votos_registrados (id_votacion, id_usuario, fecha_participacion) VALUES (7, 216, '2026-02-01 17:19:00');
INSERT INTO votos_registrados (id_votacion, id_usuario, fecha_participacion) VALUES (7, 229, '2026-02-01 17:31:00');
INSERT INTO votos_registrados (id_votacion, id_usuario, fecha_participacion) VALUES (7, 90, '2026-02-01 13:04:00');
INSERT INTO votos_registrados (id_votacion, id_usuario, fecha_participacion) VALUES (7, 68, '2026-02-01 14:27:00');
INSERT INTO votos_registrados (id_votacion, id_usuario, fecha_participacion) VALUES (7, 85, '2026-02-01 17:26:00');
INSERT INTO votos_registrados (id_votacion, id_usuario, fecha_participacion) VALUES (7, 44, '2026-02-01 18:30:00');
INSERT INTO votos_registrados (id_votacion, id_usuario, fecha_participacion) VALUES (7, 228, '2026-02-01 11:23:00');
INSERT INTO votos_registrados (id_votacion, id_usuario, fecha_participacion) VALUES (7, 141, '2026-02-01 17:15:00');
INSERT INTO votos_registrados (id_votacion, id_usuario, fecha_participacion) VALUES (7, 64, '2026-02-02 08:40:00');
INSERT INTO votos_registrados (id_votacion, id_usuario, fecha_participacion) VALUES (7, 303, '2026-02-02 00:38:00');
INSERT INTO votos_registrados (id_votacion, id_usuario, fecha_participacion) VALUES (7, 250, '2026-02-02 04:12:00');
INSERT INTO votos_registrados (id_votacion, id_usuario, fecha_participacion) VALUES (7, 299, '2026-02-01 23:06:00');
INSERT INTO votos_registrados (id_votacion, id_usuario, fecha_participacion) VALUES (7, 23, '2026-02-01 13:19:00');
INSERT INTO votos_registrados (id_votacion, id_usuario, fecha_participacion) VALUES (7, 150, '2026-02-01 09:25:00');
INSERT INTO votos_registrados (id_votacion, id_usuario, fecha_participacion) VALUES (7, 159, '2026-02-01 19:53:00');
INSERT INTO votos_registrados (id_votacion, id_usuario, fecha_participacion) VALUES (7, 52, '2026-02-02 04:24:00');
INSERT INTO votos_registrados (id_votacion, id_usuario, fecha_participacion) VALUES (7, 168, '2026-02-01 19:28:00');
INSERT INTO votos_registrados (id_votacion, id_usuario, fecha_participacion) VALUES (7, 117, '2026-02-01 19:27:00');
INSERT INTO votos_registrados (id_votacion, id_usuario, fecha_participacion) VALUES (7, 181, '2026-02-02 05:38:00');
INSERT INTO votos_registrados (id_votacion, id_usuario, fecha_participacion) VALUES (7, 325, '2026-02-01 13:19:00');
INSERT INTO votos_registrados (id_votacion, id_usuario, fecha_participacion) VALUES (7, 213, '2026-02-01 19:38:00');
INSERT INTO votos_registrados (id_votacion, id_usuario, fecha_participacion) VALUES (7, 238, '2026-02-02 07:12:00');
INSERT INTO votos_registrados (id_votacion, id_usuario, fecha_participacion) VALUES (7, 172, '2026-02-02 00:20:00');
INSERT INTO votos_registrados (id_votacion, id_usuario, fecha_participacion) VALUES (7, 243, '2026-02-01 14:25:00');
INSERT INTO votos_registrados (id_votacion, id_usuario, fecha_participacion) VALUES (7, 142, '2026-02-01 19:18:00');
INSERT INTO votos_registrados (id_votacion, id_usuario, fecha_participacion) VALUES (7, 196, '2026-02-02 08:44:00');
INSERT INTO votos_registrados (id_votacion, id_usuario, fecha_participacion) VALUES (7, 114, '2026-02-02 05:31:00');
INSERT INTO votos_registrados (id_votacion, id_usuario, fecha_participacion) VALUES (7, 112, '2026-02-02 03:50:00');
INSERT INTO votos_registrados (id_votacion, id_usuario, fecha_participacion) VALUES (7, 46, '2026-02-01 16:20:00');
INSERT INTO votos_registrados (id_votacion, id_usuario, fecha_participacion) VALUES (7, 281, '2026-02-01 21:17:00');
INSERT INTO votos_registrados (id_votacion, id_usuario, fecha_participacion) VALUES (7, 104, '2026-02-01 21:23:00');
INSERT INTO votos_registrados (id_votacion, id_usuario, fecha_participacion) VALUES (7, 55, '2026-02-01 12:59:00');
INSERT INTO votos_registrados (id_votacion, id_usuario, fecha_participacion) VALUES (7, 260, '2026-02-02 03:12:00');
INSERT INTO votos_registrados (id_votacion, id_usuario, fecha_participacion) VALUES (7, 129, '2026-02-02 03:34:00');
INSERT INTO votos_registrados (id_votacion, id_usuario, fecha_participacion) VALUES (7, 271, '2026-02-01 14:43:00');
INSERT INTO votos_registrados (id_votacion, id_usuario, fecha_participacion) VALUES (7, 255, '2026-02-02 02:01:00');
INSERT INTO votos_registrados (id_votacion, id_usuario, fecha_participacion) VALUES (7, 226, '2026-02-02 08:29:00');
INSERT INTO votos_registrados (id_votacion, id_usuario, fecha_participacion) VALUES (7, 189, '2026-02-02 07:13:00');
INSERT INTO votos_registrados (id_votacion, id_usuario, fecha_participacion) VALUES (7, 322, '2026-02-01 23:51:00');
INSERT INTO votos_registrados (id_votacion, id_usuario, fecha_participacion) VALUES (7, 305, '2026-02-01 18:53:00');
INSERT INTO votos_registrados (id_votacion, id_usuario, fecha_participacion) VALUES (7, 151, '2026-02-02 07:04:00');
INSERT INTO votos_registrados (id_votacion, id_usuario, fecha_participacion) VALUES (7, 185, '2026-02-01 22:43:00');
INSERT INTO votos_registrados (id_votacion, id_usuario, fecha_participacion) VALUES (7, 178, '2026-02-02 00:08:00');
INSERT INTO votos_registrados (id_votacion, id_usuario, fecha_participacion) VALUES (7, 176, '2026-02-02 05:19:00');
INSERT INTO votos_registrados (id_votacion, id_usuario, fecha_participacion) VALUES (7, 302, '2026-02-01 16:16:00');
INSERT INTO votos_registrados (id_votacion, id_usuario, fecha_participacion) VALUES (7, 42, '2026-02-02 06:09:00');
INSERT INTO votos_registrados (id_votacion, id_usuario, fecha_participacion) VALUES (7, 107, '2026-02-02 07:27:00');
INSERT INTO votos_registrados (id_votacion, id_usuario, fecha_participacion) VALUES (7, 212, '2026-02-01 21:04:00');
INSERT INTO votos_registrados (id_votacion, id_usuario, fecha_participacion) VALUES (7, 73, '2026-02-01 23:38:00');
INSERT INTO votos_registrados (id_votacion, id_usuario, fecha_participacion) VALUES (7, 222, '2026-02-02 00:37:00');
INSERT INTO votos_registrados (id_votacion, id_usuario, fecha_participacion) VALUES (7, 308, '2026-02-01 21:34:00');
INSERT INTO votos_registrados (id_votacion, id_usuario, fecha_participacion) VALUES (7, 28, '2026-02-02 01:59:00');
INSERT INTO votos_registrados (id_votacion, id_usuario, fecha_participacion) VALUES (7, 123, '2026-02-02 07:26:00');
INSERT INTO votos_registrados (id_votacion, id_usuario, fecha_participacion) VALUES (7, 102, '2026-02-02 02:02:00');
INSERT INTO votos_registrados (id_votacion, id_usuario, fecha_participacion) VALUES (7, 327, '2026-02-01 20:44:00');
INSERT INTO votos_registrados (id_votacion, id_usuario, fecha_participacion) VALUES (7, 235, '2026-02-02 02:38:00');
INSERT INTO votos_registrados (id_votacion, id_usuario, fecha_participacion) VALUES (7, 21, '2026-02-02 05:58:00');
INSERT INTO votos_registrados (id_votacion, id_usuario, fecha_participacion) VALUES (7, 264, '2026-02-01 11:06:00');
INSERT INTO votos_registrados (id_votacion, id_usuario, fecha_participacion) VALUES (7, 164, '2026-02-01 16:42:00');
INSERT INTO votos_registrados (id_votacion, id_usuario, fecha_participacion) VALUES (7, 18, '2026-02-02 06:22:00');
INSERT INTO votos_registrados (id_votacion, id_usuario, fecha_participacion) VALUES (7, 285, '2026-02-01 14:41:00');
INSERT INTO votos_registrados (id_votacion, id_usuario, fecha_participacion) VALUES (7, 17, '2026-02-02 04:02:00');
INSERT INTO votos_registrados (id_votacion, id_usuario, fecha_participacion) VALUES (7, 32, '2026-02-02 03:41:00');
INSERT INTO votos_registrados (id_votacion, id_usuario, fecha_participacion) VALUES (7, 209, '2026-02-02 06:41:00');
INSERT INTO votos_registrados (id_votacion, id_usuario, fecha_participacion) VALUES (7, 171, '2026-02-01 21:48:00');
INSERT INTO votos_registrados (id_votacion, id_usuario, fecha_participacion) VALUES (7, 83, '2026-02-01 19:50:00');
INSERT INTO votos_registrados (id_votacion, id_usuario, fecha_participacion) VALUES (7, 273, '2026-02-01 22:06:00');
INSERT INTO votos_registrados (id_votacion, id_usuario, fecha_participacion) VALUES (7, 93, '2026-02-01 09:06:00');
INSERT INTO votos_registrados (id_votacion, id_usuario, fecha_participacion) VALUES (7, 79, '2026-02-01 17:14:00');
INSERT INTO votos_registrados (id_votacion, id_usuario, fecha_participacion) VALUES (7, 35, '2026-02-02 01:47:00');
INSERT INTO votos_registrados (id_votacion, id_usuario, fecha_participacion) VALUES (7, 219, '2026-02-02 01:35:00');
INSERT INTO votos_registrados (id_votacion, id_usuario, fecha_participacion) VALUES (7, 34, '2026-02-02 03:44:00');
INSERT INTO votos_registrados (id_votacion, id_usuario, fecha_participacion) VALUES (7, 307, '2026-02-02 03:14:00');
INSERT INTO votos_registrados (id_votacion, id_usuario, fecha_participacion) VALUES (7, 50, '2026-02-01 23:23:00');
INSERT INTO votos_registrados (id_votacion, id_usuario, fecha_participacion) VALUES (7, 166, '2026-02-01 21:29:00');
INSERT INTO votos_registrados (id_votacion, id_usuario, fecha_participacion) VALUES (7, 286, '2026-02-02 06:37:00');
INSERT INTO votos_registrados (id_votacion, id_usuario, fecha_participacion) VALUES (7, 239, '2026-02-02 07:32:00');
INSERT INTO votos_registrados (id_votacion, id_usuario, fecha_participacion) VALUES (7, 132, '2026-02-01 13:22:00');
INSERT INTO votos_registrados (id_votacion, id_usuario, fecha_participacion) VALUES (7, 187, '2026-02-01 09:30:00');
INSERT INTO votos_registrados (id_votacion, id_usuario, fecha_participacion) VALUES (7, 182, '2026-02-01 12:18:00');
INSERT INTO votos_registrados (id_votacion, id_usuario, fecha_participacion) VALUES (7, 103, '2026-02-01 22:58:00');
INSERT INTO votos_registrados (id_votacion, id_usuario, fecha_participacion) VALUES (7, 225, '2026-02-01 11:07:00');
INSERT INTO votos_registrados (id_votacion, id_usuario, fecha_participacion) VALUES (7, 124, '2026-02-02 08:09:00');
INSERT INTO votos_registrados (id_votacion, id_usuario, fecha_participacion) VALUES (7, 315, '2026-02-01 20:19:00');
INSERT INTO votos_registrados (id_votacion, id_usuario, fecha_participacion) VALUES (7, 97, '2026-02-01 19:29:00');
INSERT INTO votos_registrados (id_votacion, id_usuario, fecha_participacion) VALUES (7, 190, '2026-02-01 15:33:00');
INSERT INTO votos_registrados (id_votacion, id_usuario, fecha_participacion) VALUES (7, 98, '2026-02-02 00:22:00');
INSERT INTO votos_registrados (id_votacion, id_usuario, fecha_participacion) VALUES (7, 170, '2026-02-02 00:06:00');
INSERT INTO votos_registrados (id_votacion, id_usuario, fecha_participacion) VALUES (7, 58, '2026-02-01 23:46:00');
INSERT INTO votos_registrados (id_votacion, id_usuario, fecha_participacion) VALUES (7, 262, '2026-02-02 07:28:00');
INSERT INTO votos_registrados (id_votacion, id_usuario, fecha_participacion) VALUES (7, 183, '2026-02-01 19:04:00');
INSERT INTO votos_registrados (id_votacion, id_usuario, fecha_participacion) VALUES (7, 265, '2026-02-01 18:02:00');
INSERT INTO votos_registrados (id_votacion, id_usuario, fecha_participacion) VALUES (7, 157, '2026-02-02 07:07:00');
INSERT INTO votos_registrados (id_votacion, id_usuario, fecha_participacion) VALUES (7, 139, '2026-02-01 09:54:00');
INSERT INTO votos_registrados (id_votacion, id_usuario, fecha_participacion) VALUES (7, 295, '2026-02-01 19:41:00');
INSERT INTO votos_registrados (id_votacion, id_usuario, fecha_participacion) VALUES (7, 137, '2026-02-01 12:43:00');
INSERT INTO votos_registrados (id_votacion, id_usuario, fecha_participacion) VALUES (7, 91, '2026-02-01 14:59:00');
INSERT INTO votos_registrados (id_votacion, id_usuario, fecha_participacion) VALUES (7, 261, '2026-02-02 08:15:00');
INSERT INTO votos_registrados (id_votacion, id_usuario, fecha_participacion) VALUES (7, 268, '2026-02-02 01:11:00');
INSERT INTO votos_registrados (id_votacion, id_usuario, fecha_participacion) VALUES (7, 41, '2026-02-02 02:10:00');
INSERT INTO votos_registrados (id_votacion, id_usuario, fecha_participacion) VALUES (7, 311, '2026-02-01 19:35:00');
INSERT INTO votos_registrados (id_votacion, id_usuario, fecha_participacion) VALUES (7, 206, '2026-02-01 22:29:00');
INSERT INTO votos_registrados (id_votacion, id_usuario, fecha_participacion) VALUES (7, 297, '2026-02-01 16:51:00');
INSERT INTO votos_registrados (id_votacion, id_usuario, fecha_participacion) VALUES (7, 128, '2026-02-01 21:40:00');
INSERT INTO votos_registrados (id_votacion, id_usuario, fecha_participacion) VALUES (7, 174, '2026-02-01 14:11:00');
INSERT INTO votos_registrados (id_votacion, id_usuario, fecha_participacion) VALUES (7, 191, '2026-02-02 05:42:00');
INSERT INTO votos_registrados (id_votacion, id_usuario, fecha_participacion) VALUES (7, 48, '2026-02-01 22:25:00');
INSERT INTO votos_registrados (id_votacion, id_usuario, fecha_participacion) VALUES (7, 148, '2026-02-01 09:47:00');
INSERT INTO votos_registrados (id_votacion, id_usuario, fecha_participacion) VALUES (7, 163, '2026-02-02 04:56:00');
INSERT INTO votos_registrados (id_votacion, id_usuario, fecha_participacion) VALUES (7, 88, '2026-02-01 15:28:00');
INSERT INTO votos_registrados (id_votacion, id_usuario, fecha_participacion) VALUES (7, 162, '2026-02-02 03:27:00');
INSERT INTO votos_registrados (id_votacion, id_usuario, fecha_participacion) VALUES (7, 251, '2026-02-01 21:00:00');
INSERT INTO votos_registrados (id_votacion, id_usuario, fecha_participacion) VALUES (7, 80, '2026-02-02 07:13:00');
INSERT INTO votos_registrados (id_votacion, id_usuario, fecha_participacion) VALUES (7, 231, '2026-02-01 15:17:00');
INSERT INTO votos_registrados (id_votacion, id_usuario, fecha_participacion) VALUES (7, 26, '2026-02-02 07:51:00');
INSERT INTO votos_registrados (id_votacion, id_usuario, fecha_participacion) VALUES (7, 10, '2026-02-01 11:36:00');
INSERT INTO votos_registrados (id_votacion, id_usuario, fecha_participacion) VALUES (7, 95, '2026-02-01 12:51:00');
INSERT INTO votos_registrados (id_votacion, id_usuario, fecha_participacion) VALUES (7, 61, '2026-02-02 02:11:00');
INSERT INTO votos_registrados (id_votacion, id_usuario, fecha_participacion) VALUES (7, 284, '2026-02-01 20:20:00');
INSERT INTO votos_registrados (id_votacion, id_usuario, fecha_participacion) VALUES (7, 27, '2026-02-01 15:29:00');
INSERT INTO votos_registrados (id_votacion, id_usuario, fecha_participacion) VALUES (8, 258, '2026-02-16 03:44:00');
INSERT INTO votos_registrados (id_votacion, id_usuario, fecha_participacion) VALUES (8, 278, '2026-02-15 20:55:00');
INSERT INTO votos_registrados (id_votacion, id_usuario, fecha_participacion) VALUES (8, 168, '2026-02-16 07:39:00');
INSERT INTO votos_registrados (id_votacion, id_usuario, fecha_participacion) VALUES (8, 313, '2026-02-16 05:27:00');
INSERT INTO votos_registrados (id_votacion, id_usuario, fecha_participacion) VALUES (8, 206, '2026-02-15 14:39:00');
INSERT INTO votos_registrados (id_votacion, id_usuario, fecha_participacion) VALUES (8, 320, '2026-02-15 13:50:00');
INSERT INTO votos_registrados (id_votacion, id_usuario, fecha_participacion) VALUES (8, 208, '2026-02-15 15:52:00');
INSERT INTO votos_registrados (id_votacion, id_usuario, fecha_participacion) VALUES (8, 308, '2026-02-15 15:51:00');
INSERT INTO votos_registrados (id_votacion, id_usuario, fecha_participacion) VALUES (8, 66, '2026-02-15 10:36:00');
INSERT INTO votos_registrados (id_votacion, id_usuario, fecha_participacion) VALUES (8, 186, '2026-02-15 20:34:00');
INSERT INTO votos_registrados (id_votacion, id_usuario, fecha_participacion) VALUES (8, 188, '2026-02-15 17:38:00');
INSERT INTO votos_registrados (id_votacion, id_usuario, fecha_participacion) VALUES (8, 242, '2026-02-16 02:10:00');
INSERT INTO votos_registrados (id_votacion, id_usuario, fecha_participacion) VALUES (8, 96, '2026-02-15 19:45:00');
INSERT INTO votos_registrados (id_votacion, id_usuario, fecha_participacion) VALUES (8, 160, '2026-02-15 18:18:00');
INSERT INTO votos_registrados (id_votacion, id_usuario, fecha_participacion) VALUES (8, 310, '2026-02-16 03:17:00');
INSERT INTO votos_registrados (id_votacion, id_usuario, fecha_participacion) VALUES (8, 51, '2026-02-16 01:57:00');
INSERT INTO votos_registrados (id_votacion, id_usuario, fecha_participacion) VALUES (8, 76, '2026-02-16 06:52:00');
INSERT INTO votos_registrados (id_votacion, id_usuario, fecha_participacion) VALUES (8, 329, '2026-02-15 12:08:00');
INSERT INTO votos_registrados (id_votacion, id_usuario, fecha_participacion) VALUES (8, 68, '2026-02-15 22:58:00');
INSERT INTO votos_registrados (id_votacion, id_usuario, fecha_participacion) VALUES (8, 130, '2026-02-15 10:17:00');
INSERT INTO votos_registrados (id_votacion, id_usuario, fecha_participacion) VALUES (8, 164, '2026-02-16 05:08:00');
INSERT INTO votos_registrados (id_votacion, id_usuario, fecha_participacion) VALUES (8, 67, '2026-02-16 07:55:00');
INSERT INTO votos_registrados (id_votacion, id_usuario, fecha_participacion) VALUES (8, 101, '2026-02-15 13:15:00');
INSERT INTO votos_registrados (id_votacion, id_usuario, fecha_participacion) VALUES (8, 199, '2026-02-15 13:45:00');
INSERT INTO votos_registrados (id_votacion, id_usuario, fecha_participacion) VALUES (8, 80, '2026-02-15 19:53:00');
INSERT INTO votos_registrados (id_votacion, id_usuario, fecha_participacion) VALUES (8, 269, '2026-02-15 16:48:00');
INSERT INTO votos_registrados (id_votacion, id_usuario, fecha_participacion) VALUES (8, 327, '2026-02-16 06:25:00');
INSERT INTO votos_registrados (id_votacion, id_usuario, fecha_participacion) VALUES (8, 222, '2026-02-16 00:09:00');
INSERT INTO votos_registrados (id_votacion, id_usuario, fecha_participacion) VALUES (8, 78, '2026-02-16 03:40:00');
INSERT INTO votos_registrados (id_votacion, id_usuario, fecha_participacion) VALUES (8, 302, '2026-02-15 17:40:00');
INSERT INTO votos_registrados (id_votacion, id_usuario, fecha_participacion) VALUES (8, 204, '2026-02-15 22:24:00');
INSERT INTO votos_registrados (id_votacion, id_usuario, fecha_participacion) VALUES (8, 224, '2026-02-15 23:04:00');
INSERT INTO votos_registrados (id_votacion, id_usuario, fecha_participacion) VALUES (8, 103, '2026-02-16 05:50:00');
INSERT INTO votos_registrados (id_votacion, id_usuario, fecha_participacion) VALUES (8, 257, '2026-02-15 11:25:00');
INSERT INTO votos_registrados (id_votacion, id_usuario, fecha_participacion) VALUES (8, 283, '2026-02-16 01:47:00');
INSERT INTO votos_registrados (id_votacion, id_usuario, fecha_participacion) VALUES (8, 319, '2026-02-15 17:44:00');
INSERT INTO votos_registrados (id_votacion, id_usuario, fecha_participacion) VALUES (8, 292, '2026-02-15 20:29:00');
INSERT INTO votos_registrados (id_votacion, id_usuario, fecha_participacion) VALUES (8, 93, '2026-02-16 00:20:00');
INSERT INTO votos_registrados (id_votacion, id_usuario, fecha_participacion) VALUES (8, 331, '2026-02-16 03:00:00');
INSERT INTO votos_registrados (id_votacion, id_usuario, fecha_participacion) VALUES (8, 155, '2026-02-16 08:05:00');
INSERT INTO votos_registrados (id_votacion, id_usuario, fecha_participacion) VALUES (8, 79, '2026-02-16 08:29:00');
INSERT INTO votos_registrados (id_votacion, id_usuario, fecha_participacion) VALUES (8, 299, '2026-02-16 05:42:00');
INSERT INTO votos_registrados (id_votacion, id_usuario, fecha_participacion) VALUES (8, 169, '2026-02-16 07:22:00');
INSERT INTO votos_registrados (id_votacion, id_usuario, fecha_participacion) VALUES (8, 238, '2026-02-15 11:50:00');
INSERT INTO votos_registrados (id_votacion, id_usuario, fecha_participacion) VALUES (8, 35, '2026-02-16 02:25:00');
INSERT INTO votos_registrados (id_votacion, id_usuario, fecha_participacion) VALUES (8, 191, '2026-02-15 15:27:00');
INSERT INTO votos_registrados (id_votacion, id_usuario, fecha_participacion) VALUES (8, 12, '2026-02-15 15:31:00');
INSERT INTO votos_registrados (id_votacion, id_usuario, fecha_participacion) VALUES (8, 256, '2026-02-15 17:20:00');
INSERT INTO votos_registrados (id_votacion, id_usuario, fecha_participacion) VALUES (8, 77, '2026-02-15 18:21:00');
INSERT INTO votos_registrados (id_votacion, id_usuario, fecha_participacion) VALUES (8, 107, '2026-02-16 02:36:00');
INSERT INTO votos_registrados (id_votacion, id_usuario, fecha_participacion) VALUES (8, 301, '2026-02-15 13:36:00');
INSERT INTO votos_registrados (id_votacion, id_usuario, fecha_participacion) VALUES (8, 266, '2026-02-16 00:50:00');
INSERT INTO votos_registrados (id_votacion, id_usuario, fecha_participacion) VALUES (8, 261, '2026-02-15 19:57:00');
INSERT INTO votos_registrados (id_votacion, id_usuario, fecha_participacion) VALUES (8, 217, '2026-02-16 06:48:00');
INSERT INTO votos_registrados (id_votacion, id_usuario, fecha_participacion) VALUES (8, 259, '2026-02-15 10:02:00');
INSERT INTO votos_registrados (id_votacion, id_usuario, fecha_participacion) VALUES (8, 220, '2026-02-15 12:40:00');
INSERT INTO votos_registrados (id_votacion, id_usuario, fecha_participacion) VALUES (8, 235, '2026-02-15 23:01:00');
INSERT INTO votos_registrados (id_votacion, id_usuario, fecha_participacion) VALUES (8, 293, '2026-02-15 12:59:00');
INSERT INTO votos_registrados (id_votacion, id_usuario, fecha_participacion) VALUES (8, 294, '2026-02-15 14:28:00');
INSERT INTO votos_registrados (id_votacion, id_usuario, fecha_participacion) VALUES (8, 50, '2026-02-15 23:00:00');
INSERT INTO votos_registrados (id_votacion, id_usuario, fecha_participacion) VALUES (8, 23, '2026-02-15 22:12:00');
INSERT INTO votos_registrados (id_votacion, id_usuario, fecha_participacion) VALUES (8, 120, '2026-02-16 07:58:00');
INSERT INTO votos_registrados (id_votacion, id_usuario, fecha_participacion) VALUES (8, 157, '2026-02-15 13:56:00');
INSERT INTO votos_registrados (id_votacion, id_usuario, fecha_participacion) VALUES (8, 24, '2026-02-16 05:19:00');
INSERT INTO votos_registrados (id_votacion, id_usuario, fecha_participacion) VALUES (8, 148, '2026-02-15 14:55:00');
INSERT INTO votos_registrados (id_votacion, id_usuario, fecha_participacion) VALUES (8, 123, '2026-02-15 17:05:00');
INSERT INTO votos_registrados (id_votacion, id_usuario, fecha_participacion) VALUES (8, 295, '2026-02-16 05:23:00');
INSERT INTO votos_registrados (id_votacion, id_usuario, fecha_participacion) VALUES (8, 94, '2026-02-15 17:05:00');
INSERT INTO votos_registrados (id_votacion, id_usuario, fecha_participacion) VALUES (8, 326, '2026-02-15 20:42:00');
INSERT INTO votos_registrados (id_votacion, id_usuario, fecha_participacion) VALUES (8, 152, '2026-02-16 05:10:00');
INSERT INTO votos_registrados (id_votacion, id_usuario, fecha_participacion) VALUES (8, 198, '2026-02-15 10:25:00');
INSERT INTO votos_registrados (id_votacion, id_usuario, fecha_participacion) VALUES (8, 205, '2026-02-16 05:19:00');
INSERT INTO votos_registrados (id_votacion, id_usuario, fecha_participacion) VALUES (8, 281, '2026-02-16 08:44:00');
INSERT INTO votos_registrados (id_votacion, id_usuario, fecha_participacion) VALUES (8, 134, '2026-02-15 16:27:00');
INSERT INTO votos_registrados (id_votacion, id_usuario, fecha_participacion) VALUES (8, 267, '2026-02-16 05:05:00');
INSERT INTO votos_registrados (id_votacion, id_usuario, fecha_participacion) VALUES (8, 138, '2026-02-16 07:06:00');
INSERT INTO votos_registrados (id_votacion, id_usuario, fecha_participacion) VALUES (8, 36, '2026-02-15 09:13:00');
INSERT INTO votos_registrados (id_votacion, id_usuario, fecha_participacion) VALUES (8, 154, '2026-02-16 00:04:00');
INSERT INTO votos_registrados (id_votacion, id_usuario, fecha_participacion) VALUES (8, 37, '2026-02-15 13:37:00');
INSERT INTO votos_registrados (id_votacion, id_usuario, fecha_participacion) VALUES (8, 315, '2026-02-15 16:33:00');
INSERT INTO votos_registrados (id_votacion, id_usuario, fecha_participacion) VALUES (8, 305, '2026-02-16 06:28:00');
INSERT INTO votos_registrados (id_votacion, id_usuario, fecha_participacion) VALUES (8, 147, '2026-02-15 09:00:00');
INSERT INTO votos_registrados (id_votacion, id_usuario, fecha_participacion) VALUES (8, 218, '2026-02-16 07:21:00');
INSERT INTO votos_registrados (id_votacion, id_usuario, fecha_participacion) VALUES (8, 309, '2026-02-15 12:55:00');
INSERT INTO votos_registrados (id_votacion, id_usuario, fecha_participacion) VALUES (8, 146, '2026-02-15 22:44:00');
INSERT INTO votos_registrados (id_votacion, id_usuario, fecha_participacion) VALUES (8, 249, '2026-02-15 13:30:00');
INSERT INTO votos_registrados (id_votacion, id_usuario, fecha_participacion) VALUES (8, 201, '2026-02-15 11:14:00');
INSERT INTO votos_registrados (id_votacion, id_usuario, fecha_participacion) VALUES (8, 18, '2026-02-15 21:05:00');
INSERT INTO votos_registrados (id_votacion, id_usuario, fecha_participacion) VALUES (8, 202, '2026-02-16 08:51:00');
INSERT INTO votos_registrados (id_votacion, id_usuario, fecha_participacion) VALUES (8, 192, '2026-02-15 12:06:00');
INSERT INTO votos_registrados (id_votacion, id_usuario, fecha_participacion) VALUES (8, 270, '2026-02-15 19:23:00');
INSERT INTO votos_registrados (id_votacion, id_usuario, fecha_participacion) VALUES (8, 250, '2026-02-15 18:08:00');
INSERT INTO votos_registrados (id_votacion, id_usuario, fecha_participacion) VALUES (8, 63, '2026-02-15 21:49:00');
INSERT INTO votos_registrados (id_votacion, id_usuario, fecha_participacion) VALUES (8, 116, '2026-02-15 13:41:00');
INSERT INTO votos_registrados (id_votacion, id_usuario, fecha_participacion) VALUES (8, 34, '2026-02-16 06:09:00');
INSERT INTO votos_registrados (id_votacion, id_usuario, fecha_participacion) VALUES (8, 196, '2026-02-15 11:33:00');
INSERT INTO votos_registrados (id_votacion, id_usuario, fecha_participacion) VALUES (8, 276, '2026-02-16 03:00:00');
INSERT INTO votos_registrados (id_votacion, id_usuario, fecha_participacion) VALUES (8, 175, '2026-02-16 04:41:00');
INSERT INTO votos_registrados (id_votacion, id_usuario, fecha_participacion) VALUES (8, 200, '2026-02-15 14:28:00');
INSERT INTO votos_registrados (id_votacion, id_usuario, fecha_participacion) VALUES (8, 71, '2026-02-15 20:46:00');
INSERT INTO votos_registrados (id_votacion, id_usuario, fecha_participacion) VALUES (8, 84, '2026-02-15 15:40:00');
INSERT INTO votos_registrados (id_votacion, id_usuario, fecha_participacion) VALUES (8, 16, '2026-02-16 08:09:00');
INSERT INTO votos_registrados (id_votacion, id_usuario, fecha_participacion) VALUES (8, 280, '2026-02-15 22:39:00');
INSERT INTO votos_registrados (id_votacion, id_usuario, fecha_participacion) VALUES (8, 75, '2026-02-16 06:28:00');
INSERT INTO votos_registrados (id_votacion, id_usuario, fecha_participacion) VALUES (8, 97, '2026-02-15 15:05:00');
INSERT INTO votos_registrados (id_votacion, id_usuario, fecha_participacion) VALUES (8, 330, '2026-02-15 12:08:00');
INSERT INTO votos_registrados (id_votacion, id_usuario, fecha_participacion) VALUES (8, 30, '2026-02-15 12:37:00');
INSERT INTO votos_registrados (id_votacion, id_usuario, fecha_participacion) VALUES (8, 241, '2026-02-16 08:24:00');
INSERT INTO votos_registrados (id_votacion, id_usuario, fecha_participacion) VALUES (8, 38, '2026-02-15 20:27:00');
INSERT INTO votos_registrados (id_votacion, id_usuario, fecha_participacion) VALUES (8, 251, '2026-02-15 19:50:00');
INSERT INTO votos_registrados (id_votacion, id_usuario, fecha_participacion) VALUES (8, 215, '2026-02-15 13:15:00');
INSERT INTO votos_registrados (id_votacion, id_usuario, fecha_participacion) VALUES (8, 328, '2026-02-15 17:41:00');
INSERT INTO votos_registrados (id_votacion, id_usuario, fecha_participacion) VALUES (8, 61, '2026-02-15 11:15:00');
INSERT INTO votos_registrados (id_votacion, id_usuario, fecha_participacion) VALUES (8, 221, '2026-02-16 02:38:00');
INSERT INTO votos_registrados (id_votacion, id_usuario, fecha_participacion) VALUES (8, 236, '2026-02-16 04:46:00');
INSERT INTO votos_registrados (id_votacion, id_usuario, fecha_participacion) VALUES (9, 278, '2026-03-02 05:53:00');
INSERT INTO votos_registrados (id_votacion, id_usuario, fecha_participacion) VALUES (9, 170, '2026-03-02 07:56:00');
INSERT INTO votos_registrados (id_votacion, id_usuario, fecha_participacion) VALUES (9, 268, '2026-03-01 09:21:00');
INSERT INTO votos_registrados (id_votacion, id_usuario, fecha_participacion) VALUES (9, 14, '2026-03-01 09:48:00');
INSERT INTO votos_registrados (id_votacion, id_usuario, fecha_participacion) VALUES (9, 263, '2026-03-02 06:24:00');
INSERT INTO votos_registrados (id_votacion, id_usuario, fecha_participacion) VALUES (9, 273, '2026-03-02 08:46:00');
INSERT INTO votos_registrados (id_votacion, id_usuario, fecha_participacion) VALUES (9, 52, '2026-03-01 18:06:00');
INSERT INTO votos_registrados (id_votacion, id_usuario, fecha_participacion) VALUES (9, 329, '2026-03-01 15:33:00');
INSERT INTO votos_registrados (id_votacion, id_usuario, fecha_participacion) VALUES (9, 301, '2026-03-01 16:26:00');
INSERT INTO votos_registrados (id_votacion, id_usuario, fecha_participacion) VALUES (9, 72, '2026-03-02 00:03:00');
INSERT INTO votos_registrados (id_votacion, id_usuario, fecha_participacion) VALUES (9, 23, '2026-03-01 13:45:00');
INSERT INTO votos_registrados (id_votacion, id_usuario, fecha_participacion) VALUES (9, 91, '2026-03-01 17:05:00');
INSERT INTO votos_registrados (id_votacion, id_usuario, fecha_participacion) VALUES (9, 150, '2026-03-01 10:58:00');
INSERT INTO votos_registrados (id_votacion, id_usuario, fecha_participacion) VALUES (9, 287, '2026-03-01 16:57:00');
INSERT INTO votos_registrados (id_votacion, id_usuario, fecha_participacion) VALUES (9, 267, '2026-03-02 01:26:00');
INSERT INTO votos_registrados (id_votacion, id_usuario, fecha_participacion) VALUES (9, 45, '2026-03-02 07:57:00');
INSERT INTO votos_registrados (id_votacion, id_usuario, fecha_participacion) VALUES (9, 138, '2026-03-01 20:29:00');
INSERT INTO votos_registrados (id_votacion, id_usuario, fecha_participacion) VALUES (9, 145, '2026-03-02 08:05:00');
INSERT INTO votos_registrados (id_votacion, id_usuario, fecha_participacion) VALUES (9, 211, '2026-03-02 03:06:00');
INSERT INTO votos_registrados (id_votacion, id_usuario, fecha_participacion) VALUES (9, 42, '2026-03-02 01:08:00');
INSERT INTO votos_registrados (id_votacion, id_usuario, fecha_participacion) VALUES (9, 241, '2026-03-02 05:52:00');
INSERT INTO votos_registrados (id_votacion, id_usuario, fecha_participacion) VALUES (9, 159, '2026-03-01 21:04:00');
INSERT INTO votos_registrados (id_votacion, id_usuario, fecha_participacion) VALUES (9, 240, '2026-03-02 03:36:00');
INSERT INTO votos_registrados (id_votacion, id_usuario, fecha_participacion) VALUES (9, 213, '2026-03-01 10:27:00');
INSERT INTO votos_registrados (id_votacion, id_usuario, fecha_participacion) VALUES (9, 131, '2026-03-02 06:08:00');
INSERT INTO votos_registrados (id_votacion, id_usuario, fecha_participacion) VALUES (9, 41, '2026-03-01 16:18:00');
INSERT INTO votos_registrados (id_votacion, id_usuario, fecha_participacion) VALUES (9, 275, '2026-03-01 17:54:00');
INSERT INTO votos_registrados (id_votacion, id_usuario, fecha_participacion) VALUES (9, 268, '2026-03-01 19:59:00');
INSERT INTO votos_registrados (id_votacion, id_usuario, fecha_participacion) VALUES (9, 249, '2026-03-01 21:44:00');
INSERT INTO votos_registrados (id_votacion, id_usuario, fecha_participacion) VALUES (9, 88, '2026-03-02 08:20:00');
INSERT INTO votos_registrados (id_votacion, id_usuario, fecha_participacion) VALUES (9, 231, '2026-03-01 19:28:00');
INSERT INTO votos_registrados (id_votacion, id_usuario, fecha_participacion) VALUES (9, 318, '2026-03-01 17:14:00');
INSERT INTO votos_registrados (id_votacion, id_usuario, fecha_participacion) VALUES (9, 323, '2026-03-01 11:12:00');
INSERT INTO votos_registrados (id_votacion, id_usuario, fecha_participacion) VALUES (9, 208, '2026-03-01 13:49:00');
INSERT INTO votos_registrados (id_votacion, id_usuario, fecha_participacion) VALUES (9, 87, '2026-03-02 03:06:00');
INSERT INTO votos_registrados (id_votacion, id_usuario, fecha_participacion) VALUES (9, 142, '2026-03-01 13:06:00');
INSERT INTO votos_registrados (id_votacion, id_usuario, fecha_participacion) VALUES (9, 38, '2026-03-01 14:28:00');
INSERT INTO votos_registrados (id_votacion, id_usuario, fecha_participacion) VALUES (9, 196, '2026-03-01 23:20:00');
INSERT INTO votos_registrados (id_votacion, id_usuario, fecha_participacion) VALUES (9, 130, '2026-03-01 22:07:00');
INSERT INTO votos_registrados (id_votacion, id_usuario, fecha_participacion) VALUES (9, 9, '2026-03-02 02:22:00');
INSERT INTO votos_registrados (id_votacion, id_usuario, fecha_participacion) VALUES (9, 112, '2026-03-01 15:28:00');
INSERT INTO votos_registrados (id_votacion, id_usuario, fecha_participacion) VALUES (9, 21, '2026-03-01 18:29:00');
INSERT INTO votos_registrados (id_votacion, id_usuario, fecha_participacion) VALUES (9, 47, '2026-03-01 17:54:00');
INSERT INTO votos_registrados (id_votacion, id_usuario, fecha_participacion) VALUES (9, 299, '2026-03-01 12:05:00');
INSERT INTO votos_registrados (id_votacion, id_usuario, fecha_participacion) VALUES (9, 118, '2026-03-01 14:51:00');
INSERT INTO votos_registrados (id_votacion, id_usuario, fecha_participacion) VALUES (9, 67, '2026-03-02 06:19:00');
INSERT INTO votos_registrados (id_votacion, id_usuario, fecha_participacion) VALUES (9, 28, '2026-03-02 07:44:00');
INSERT INTO votos_registrados (id_votacion, id_usuario, fecha_participacion) VALUES (9, 69, '2026-03-02 04:02:00');
INSERT INTO votos_registrados (id_votacion, id_usuario, fecha_participacion) VALUES (9, 93, '2026-03-01 15:53:00');
INSERT INTO votos_registrados (id_votacion, id_usuario, fecha_participacion) VALUES (9, 133, '2026-03-01 19:09:00');
INSERT INTO votos_registrados (id_votacion, id_usuario, fecha_participacion) VALUES (9, 262, '2026-03-01 11:45:00');
INSERT INTO votos_registrados (id_votacion, id_usuario, fecha_participacion) VALUES (9, 319, '2026-03-01 16:22:00');
INSERT INTO votos_registrados (id_votacion, id_usuario, fecha_participacion) VALUES (9, 308, '2026-03-01 21:32:00');
INSERT INTO votos_registrados (id_votacion, id_usuario, fecha_participacion) VALUES (9, 60, '2026-03-01 10:43:00');
INSERT INTO votos_registrados (id_votacion, id_usuario, fecha_participacion) VALUES (9, 133, '2026-03-01 18:16:00');
INSERT INTO votos_registrados (id_votacion, id_usuario, fecha_participacion) VALUES (9, 97, '2026-03-01 14:01:00');
INSERT INTO votos_registrados (id_votacion, id_usuario, fecha_participacion) VALUES (9, 194, '2026-03-01 21:54:00');
INSERT INTO votos_registrados (id_votacion, id_usuario, fecha_participacion) VALUES (9, 153, '2026-03-01 23:35:00');
INSERT INTO votos_registrados (id_votacion, id_usuario, fecha_participacion) VALUES (9, 86, '2026-03-02 08:35:00');
INSERT INTO votos_registrados (id_votacion, id_usuario, fecha_participacion) VALUES (9, 113, '2026-03-01 16:06:00');
INSERT INTO votos_registrados (id_votacion, id_usuario, fecha_participacion) VALUES (9, 96, '2026-03-01 23:06:00');
INSERT INTO votos_registrados (id_votacion, id_usuario, fecha_participacion) VALUES (9, 264, '2026-03-01 13:07:00');
INSERT INTO votos_registrados (id_votacion, id_usuario, fecha_participacion) VALUES (10, 121, '2026-03-06 05:28:00');
INSERT INTO votos_registrados (id_votacion, id_usuario, fecha_participacion) VALUES (10, 39, '2026-03-05 13:05:00');
INSERT INTO votos_registrados (id_votacion, id_usuario, fecha_participacion) VALUES (10, 308, '2026-03-05 19:07:00');
INSERT INTO votos_registrados (id_votacion, id_usuario, fecha_participacion) VALUES (10, 51, '2026-03-05 10:29:00');
INSERT INTO votos_registrados (id_votacion, id_usuario, fecha_participacion) VALUES (11, 78, '2026-03-10 14:11:00');
INSERT INTO votos_registrados (id_votacion, id_usuario, fecha_participacion) VALUES (11, 277, '2026-03-10 16:37:00');
INSERT INTO votos_registrados (id_votacion, id_usuario, fecha_participacion) VALUES (11, 263, '2026-03-10 19:51:00');
INSERT INTO votos_registrados (id_votacion, id_usuario, fecha_participacion) VALUES (11, 100, '2026-03-11 08:44:00');
INSERT INTO votos_registrados (id_votacion, id_usuario, fecha_participacion) VALUES (11, 17, '2026-03-10 20:58:00');
INSERT INTO votos_registrados (id_votacion, id_usuario, fecha_participacion) VALUES (11, 236, '2026-03-11 03:01:00');
INSERT INTO votos_registrados (id_votacion, id_usuario, fecha_participacion) VALUES (11, 117, '2026-03-11 07:44:00');
INSERT INTO votos_registrados (id_votacion, id_usuario, fecha_participacion) VALUES (11, 203, '2026-03-10 20:36:00');
INSERT INTO votos_registrados (id_votacion, id_usuario, fecha_participacion) VALUES (11, 84, '2026-03-11 03:09:00');
INSERT INTO votos_registrados (id_votacion, id_usuario, fecha_participacion) VALUES (11, 256, '2026-03-11 03:12:00');
INSERT INTO votos_registrados (id_votacion, id_usuario, fecha_participacion) VALUES (11, 206, '2026-03-11 00:34:00');
INSERT INTO votos_registrados (id_votacion, id_usuario, fecha_participacion) VALUES (11, 322, '2026-03-10 18:11:00');
INSERT INTO votos_registrados (id_votacion, id_usuario, fecha_participacion) VALUES (11, 135, '2026-03-11 00:02:00');
INSERT INTO votos_registrados (id_votacion, id_usuario, fecha_participacion) VALUES (11, 210, '2026-03-10 11:03:00');
INSERT INTO votos_registrados (id_votacion, id_usuario, fecha_participacion) VALUES (11, 21, '2026-03-10 16:38:00');
INSERT INTO votos_registrados (id_votacion, id_usuario, fecha_participacion) VALUES (11, 286, '2026-03-10 16:01:00');
INSERT INTO votos_registrados (id_votacion, id_usuario, fecha_participacion) VALUES (11, 289, '2026-03-11 01:30:00');
INSERT INTO votos_registrados (id_votacion, id_usuario, fecha_participacion) VALUES (11, 120, '2026-03-10 09:21:00');
INSERT INTO votos_registrados (id_votacion, id_usuario, fecha_participacion) VALUES (12, 309, '2026-03-15 20:16:00');
INSERT INTO votos_registrados (id_votacion, id_usuario, fecha_participacion) VALUES (12, 80, '2026-03-15 12:46:00');
INSERT INTO votos_registrados (id_votacion, id_usuario, fecha_participacion) VALUES (12, 77, '2026-03-15 09:03:00');
INSERT INTO votos_registrados (id_votacion, id_usuario, fecha_participacion) VALUES (12, 173, '2026-03-15 21:28:00');
INSERT INTO votos_registrados (id_votacion, id_usuario, fecha_participacion) VALUES (12, 210, '2026-03-16 08:26:00');
INSERT INTO votos_registrados (id_votacion, id_usuario, fecha_participacion) VALUES (12, 88, '2026-03-15 14:56:00');
INSERT INTO votos_registrados (id_votacion, id_usuario, fecha_participacion) VALUES (12, 173, '2026-03-15 22:31:00');
INSERT INTO votos_registrados (id_votacion, id_usuario, fecha_participacion) VALUES (12, 64, '2026-03-15 21:22:00');
INSERT INTO votos_registrados (id_votacion, id_usuario, fecha_participacion) VALUES (12, 208, '2026-03-16 02:24:00');
INSERT INTO votos_registrados (id_votacion, id_usuario, fecha_participacion) VALUES (12, 38, '2026-03-15 12:53:00');
INSERT INTO votos_registrados (id_votacion, id_usuario, fecha_participacion) VALUES (12, 321, '2026-03-16 00:50:00');
INSERT INTO votos_registrados (id_votacion, id_usuario, fecha_participacion) VALUES (12, 322, '2026-03-16 03:41:00');
INSERT INTO votos_registrados (id_votacion, id_usuario, fecha_participacion) VALUES (12, 111, '2026-03-16 06:14:00');
INSERT INTO votos_registrados (id_votacion, id_usuario, fecha_participacion) VALUES (12, 308, '2026-03-15 14:28:00');
INSERT INTO votos_registrados (id_votacion, id_usuario, fecha_participacion) VALUES (12, 45, '2026-03-15 11:51:00');
INSERT INTO votos_registrados (id_votacion, id_usuario, fecha_participacion) VALUES (12, 316, '2026-03-15 10:18:00');
INSERT INTO votos_registrados (id_votacion, id_usuario, fecha_participacion) VALUES (12, 170, '2026-03-15 09:20:00');

-- 8. VOTOS_ANONIMOS
INSERT INTO votos_anonimos (id_votacion, id_opcion, hash_integridad, fecha_voto) VALUES (1, 1, '21aad01e79fd330b0cff05d6ba95738821f854f3e8736225d3c7b1f66d21481e', '2026-04-02 07:02:10');
INSERT INTO votos_anonimos (id_votacion, id_opcion, hash_integridad, fecha_voto) VALUES (1, 3, 'b4038119ffb243ac1431202a4ce8bc12e530fda8bdb91ec0254e720a860d2ec6', '2026-04-01 22:38:07');
INSERT INTO votos_anonimos (id_votacion, id_opcion, hash_integridad, fecha_voto) VALUES (1, 2, '9b2f87d9b569b027db9545ee9ee03ee54c513a25ec7e65350d2b87887e7e37a8', '2026-04-02 09:53:37');
INSERT INTO votos_anonimos (id_votacion, id_opcion, hash_integridad, fecha_voto) VALUES (2, 6, '7b818869aef3afb3c6f847355858bf3612f9764bb5ef029749d8f680957118db', '2026-04-22 03:06:05');
INSERT INTO votos_anonimos (id_votacion, id_opcion, hash_integridad, fecha_voto) VALUES (2, 5, '4bf7de76ad94e2e737e84924f17a7e884eeabe9154fa736cb110b3265ba3de03', '2026-04-21 19:24:25');
INSERT INTO votos_anonimos (id_votacion, id_opcion, hash_integridad, fecha_voto) VALUES (2, 7, '0fb8c0b34596bd3b7206b19ad3c6feddc851f1d12c15ef17ad744696c2f3ed39', '2026-04-22 09:49:01');
INSERT INTO votos_anonimos (id_votacion, id_opcion, hash_integridad, fecha_voto) VALUES (3, 10, '6d8a4f4d434ff2bc41a29a4485c55a803732813647f8fc944e093d50dd8cda16', '2026-04-27 01:21:26');
INSERT INTO votos_anonimos (id_votacion, id_opcion, hash_integridad, fecha_voto) VALUES (3, 9, '38ac2c1454c8fb169b41e0f63b93f7e41434e024c9d77aae684f50fe11764258', '2026-04-27 02:25:30');
INSERT INTO votos_anonimos (id_votacion, id_opcion, hash_integridad, fecha_voto) VALUES (4, 13, '3a320fac17abd8de4acb3f2bbd61d40bc3d6da58c33a1937b2336ff6bf3f6735', '2026-04-17 10:28:12');
INSERT INTO votos_anonimos (id_votacion, id_opcion, hash_integridad, fecha_voto) VALUES (4, 14, '4db803edd3b422eb50ba76ca4017b61f897687847b3d2e88e4ee52b7cbee2427', '2026-04-16 23:28:54');
INSERT INTO votos_anonimos (id_votacion, id_opcion, hash_integridad, fecha_voto) VALUES (4, 12, '760f3643566a682adc632dcbc9bef0599935c61077e63cda58a1244ebd8a4dfe', '2026-04-16 23:39:53');
INSERT INTO votos_anonimos (id_votacion, id_opcion, hash_integridad, fecha_voto) VALUES (5, 19, 'c183c6ebb482c7fb24d791d1a0d62b05fdb30c071ac5cc2c5b86f8ada62abd88', '2026-04-12 06:26:36');
INSERT INTO votos_anonimos (id_votacion, id_opcion, hash_integridad, fecha_voto) VALUES (5, 16, '95d12c91402d836ea6e11bdb09fa730c27cf7a7e4af56af10f18b93b725c43d3', '2026-04-11 12:31:44');
INSERT INTO votos_anonimos (id_votacion, id_opcion, hash_integridad, fecha_voto) VALUES (6, 21, '89f19e03f68d40194b3662c9f6d5c62284b8797a56b6781accc2104ee6fc82ed', '2026-01-10 17:47:51');
INSERT INTO votos_anonimos (id_votacion, id_opcion, hash_integridad, fecha_voto) VALUES (6, 24, 'c6818c8e78fa939f9b046c1763aa79e7ee6373f4b661dc23d5fb51404290e631', '2026-01-11 00:13:06');
INSERT INTO votos_anonimos (id_votacion, id_opcion, hash_integridad, fecha_voto) VALUES (6, 22, 'bbe7eec64669d80ef463f0a3048b1e1c553dfa89ccdf77bbe0e64fe21c9455ef', '2026-01-10 15:52:21');
INSERT INTO votos_anonimos (id_votacion, id_opcion, hash_integridad, fecha_voto) VALUES (6, 23, '63ccef8fbe55602dd5f5e109a2df1d5902c51c4a5ce973957f37457ceca3bb12', '2026-01-11 02:44:10');
INSERT INTO votos_anonimos (id_votacion, id_opcion, hash_integridad, fecha_voto) VALUES (7, 29, 'dfd1d2264fb5962c1efbaed98c390a4d011d8f85988d482a1bc4e47234076055', '2026-02-01 15:21:45');
INSERT INTO votos_anonimos (id_votacion, id_opcion, hash_integridad, fecha_voto) VALUES (7, 28, '1f84d3640496f9b51eb3f6762fcf8a9a8bff285d6918c429c6fe96a53326f151', '2026-02-01 16:24:52');
INSERT INTO votos_anonimos (id_votacion, id_opcion, hash_integridad, fecha_voto) VALUES (7, 26, 'c78792e7ae5607bdfb4229d105cf418609c0554ad5f816e9eb7daefa5b37f968', '2026-02-01 16:31:53');
INSERT INTO votos_anonimos (id_votacion, id_opcion, hash_integridad, fecha_voto) VALUES (7, 27, '0e1e02216ec0c50f16e766a87aba5cc0d30d07b1e3916bc9e63e4d28536d67cf', '2026-02-02 06:21:16');
INSERT INTO votos_anonimos (id_votacion, id_opcion, hash_integridad, fecha_voto) VALUES (8, 33, '8b1f7e6992397921b67b268a7f668fcc57b8d5c61aaf9a3272c926c030983494', '2026-02-16 03:44:27');
INSERT INTO votos_anonimos (id_votacion, id_opcion, hash_integridad, fecha_voto) VALUES (8, 32, '6c24c609a33173a2e9b8c9224fd36188ad8807270596f2c0ce244f283761364d', '2026-02-15 20:55:54');
INSERT INTO votos_anonimos (id_votacion, id_opcion, hash_integridad, fecha_voto) VALUES (8, 31, '37d82357c886c9b9b53cdf26fd31cd78c1606ab7a105cdafe7a45812d129aa4a', '2026-02-16 06:52:17');
INSERT INTO votos_anonimos (id_votacion, id_opcion, hash_integridad, fecha_voto) VALUES (9, 35, '2ef0561ed9a828b709c8e9413dfe82402845dcbb2a0c98163d5a9ead94c4acf2', '2026-03-02 05:53:42');
INSERT INTO votos_anonimos (id_votacion, id_opcion, hash_integridad, fecha_voto) VALUES (9, 37, 'fba04edfb25a130c335f3281d6f861181f6b6c8a7d10c9b35800a3036f5b6dde', '2026-03-02 07:56:09');
INSERT INTO votos_anonimos (id_votacion, id_opcion, hash_integridad, fecha_voto) VALUES (9, 36, '2eec4de84f0b438fc2a0e808996050dfbbdb9b324125b93a32e99f6ff2cec421', '2026-03-01 18:06:25');
INSERT INTO votos_anonimos (id_votacion, id_opcion, hash_integridad, fecha_voto) VALUES (10, 39, '2cd66d69a8509b742882ede5300b7328c6c203fdbd4fe82c51a496bb64f51c63', '2026-03-06 05:28:06');
INSERT INTO votos_anonimos (id_votacion, id_opcion, hash_integridad, fecha_voto) VALUES (10, 40, '38fdee229602407193ef37bc031f05f3485c9c837f5cbc0d26f71a291d70722c', '2026-03-05 13:05:33');
INSERT INTO votos_anonimos (id_votacion, id_opcion, hash_integridad, fecha_voto) VALUES (10, 41, '4a5a73d502a5c1c796f0d039f87f7d09ab0a1ee08bb84898b707eef4c08b3e6f', '2026-03-05 19:07:12');
INSERT INTO votos_anonimos (id_votacion, id_opcion, hash_integridad, fecha_voto) VALUES (11, 43, '4cbe79bf6f7392779cb22218e6e586418da536efbd4484963b127dbe4b488285', '2026-03-10 14:11:09');
INSERT INTO votos_anonimos (id_votacion, id_opcion, hash_integridad, fecha_voto) VALUES (11, 45, 'e2a5aec716ef4987c932528fc269fac20488a9ad903691474567033af121a6e1', '2026-03-10 16:37:27');
INSERT INTO votos_anonimos (id_votacion, id_opcion, hash_integridad, fecha_voto) VALUES (11, 44, 'c8dec273db54e9235d34e2dc0394fb661f23ca1a437231302648a6b3b59c65fc', '2026-03-10 19:51:05');
INSERT INTO votos_anonimos (id_votacion, id_opcion, hash_integridad, fecha_voto) VALUES (12, 48, '7726b6e54e0f99ea27b3b0f7b4618cbc986f045d7fe19062b996a9cb31a3b3fc', '2026-03-15 20:16:09');
INSERT INTO votos_anonimos (id_votacion, id_opcion, hash_integridad, fecha_voto) VALUES (12, 50, 'c9f5eb24e72b24da055ce0ad8daff40afde6bc4db6ff2c345170a62469b4fd5d', '2026-03-15 09:03:08');
INSERT INTO votos_anonimos (id_votacion, id_opcion, hash_integridad, fecha_voto) VALUES (12, 47, '625dd50107b42d91866b0a23ba5e8e5de6b06d3706e414484119eb60a879c7ef', '2026-03-15 21:28:44');
INSERT INTO votos_anonimos (id_votacion, id_opcion, hash_integridad, fecha_voto) VALUES (12, 49, '0fbe59f4a72d59cef708f2588331d2a67de7177bae2e871362fc1cdd5c7abe85', '2026-03-15 21:22:58');

-- Fin del script de datos de prueba