-- Datos de prueba
-- Contraseñas: El hash bcrypt utilizado equivale a '123456'.

USE db_appvotaciones;

SET NAMES 'utf8mb4' COLLATE 'utf8mb4_es_0900_ai_ci';

SET FOREIGN_KEY_CHECKS = 0;
TRUNCATE TABLE `votos_anonimos`;
TRUNCATE TABLE `votos_registrados`;
TRUNCATE TABLE `opciones`;
TRUNCATE TABLE `votaciones`;
TRUNCATE TABLE `organizacion_solicitudes`;
TRUNCATE TABLE `organizacion_miembros`;
TRUNCATE TABLE `organizaciones`;
TRUNCATE TABLE `usuarios_grupos`;
TRUNCATE TABLE `grupos`;
TRUNCATE TABLE `usuarios`;
SET FOREIGN_KEY_CHECKS = 1;

-- 1. USUARIOS
INSERT INTO usuarios (id, dni_hash, password, nombre, apellidos, email, num_telefono, provincia, ciudad, rol) VALUES (1, '169199078222e199f9c4fd1c0179a5f7a77455ef69e8d6953ef35e352674826c', '$2y$10$fedjXy3MLNjDguwZZkf4Ie.7kab4/YGmtYdPhBJgZn1ipiM3avZJy', 'Miguel', 'Martin', 'miguel.martin1@test.com', '679907418', 'Galicia', 'Vigo', 'admin_gobierno');
INSERT INTO usuarios (id, dni_hash, password, nombre, apellidos, email, num_telefono, provincia, ciudad, rol) VALUES (2, 'b04b05a85e3955f4ce0b7565cc24fee9a2dbdb51f530a5d76635de41ec6a0a43', '$2y$10$fedjXy3MLNjDguwZZkf4Ie.7kab4/YGmtYdPhBJgZn1ipiM3avZJy', 'Miguel', 'Sanchez', 'miguel.sanchez2@test.com', '644345151', 'Cataluña', 'Girona', 'admin_gobierno');
INSERT INTO usuarios (id, dni_hash, password, nombre, apellidos, email, num_telefono, provincia, ciudad, rol) VALUES (3, '3f928a4960daaf009038fa418f9fcc51182321974196f6dc24a6bac0d0b1b0b7', '$2y$10$fedjXy3MLNjDguwZZkf4Ie.7kab4/YGmtYdPhBJgZn1ipiM3avZJy', 'Marta', 'Herrera', 'marta.herrera3@test.com', '666014922', 'Madrid', 'Alcalá', 'admin_privado');
INSERT INTO usuarios (id, dni_hash, password, nombre, apellidos, email, num_telefono, provincia, ciudad, rol) VALUES (4, '83a2f65a3c1ab9e19379569703baf6103d5517631ecb9c66c3b9274bd44ca685', '$2y$10$fedjXy3MLNjDguwZZkf4Ie.7kab4/YGmtYdPhBJgZn1ipiM3avZJy', 'Maria', 'Perez', 'maria.perez4@test.com', '617384805', 'Pais Vasco', 'Vitoria', 'admin_privado');
INSERT INTO usuarios (id, dni_hash, password, nombre, apellidos, email, num_telefono, provincia, ciudad, rol) VALUES (5, '7a7adacad241e6f3e899524916ad6033cb9dd3374ec627de6a50da613caf58b1', '$2y$10$fedjXy3MLNjDguwZZkf4Ie.7kab4/YGmtYdPhBJgZn1ipiM3avZJy', 'Pablo', 'Herrera', 'pablo.herrera5@test.com', '634655416', 'Castilla y Leon', 'Burgos', 'admin_privado');
INSERT INTO usuarios (id, dni_hash, password, nombre, apellidos, email, num_telefono, provincia, ciudad, rol) VALUES (6, 'e8c8afa494493091fc9e6c13b0f6792e663183bab930205e11acadddd5504ade', '$2y$10$fedjXy3MLNjDguwZZkf4Ie.7kab4/YGmtYdPhBJgZn1ipiM3avZJy', 'Lucia', 'Lopez', 'lucia.lopez6@test.com', '665753203', 'Castilla y Leon', 'Salamanca', 'votante');
INSERT INTO usuarios (id, dni_hash, password, nombre, apellidos, email, num_telefono, provincia, ciudad, rol) VALUES (7, '119966b318af36af4bfa591880caf832957b3c497ea8b991a07cf691ae9a01fb', '$2y$10$fedjXy3MLNjDguwZZkf4Ie.7kab4/YGmtYdPhBJgZn1ipiM3avZJy', 'Jose', 'Diaz', 'jose.diaz7@test.com', '659997836', 'Castilla y Leon', 'Salamanca', 'votante');
INSERT INTO usuarios (id, dni_hash, password, nombre, apellidos, email, num_telefono, provincia, ciudad, rol) VALUES (8, '5a0fd56f3ea4fd4dc6d20249b3020db0c71e798bc13ca41373e494df1ebb7561', '$2y$10$fedjXy3MLNjDguwZZkf4Ie.7kab4/YGmtYdPhBJgZn1ipiM3avZJy', 'Jose', 'Navarro', 'jose.navarro8@test.com', '62949881', 'Valencia', 'Castellón', 'votante');
INSERT INTO usuarios (id, dni_hash, password, nombre, apellidos, email, num_telefono, provincia, ciudad, rol) VALUES (9, 'b249024b8712c012c897c65146aaf3f30f4a3067a493f86e03255bf8a66e15b3', '$2y$10$fedjXy3MLNjDguwZZkf4Ie.7kab4/YGmtYdPhBJgZn1ipiM3avZJy', 'Sofia', 'Herrera', 'sofia.herrera9@test.com', '648193958', 'Aragon', 'Calatayud', 'votante');
INSERT INTO usuarios (id, dni_hash, password, nombre, apellidos, email, num_telefono, provincia, ciudad, rol) VALUES (10, 'cd5ab2b74f06a0e1297964d368f3150a32fa48e4f83dd84f28a713d7325c5e36', '$2y$10$fedjXy3MLNjDguwZZkf4Ie.7kab4/YGmtYdPhBJgZn1ipiM3avZJy', 'Antonio', 'Sanchez', 'antonio.sanchez10@test.com', '691790290', 'Pais Vasco', 'Bilbao', 'votante');
INSERT INTO usuarios (id, dni_hash, password, nombre, apellidos, email, num_telefono, provincia, ciudad, rol) VALUES (11, 'ae16005068144c8a3889fbddcf72b6fae4e32db0239eb96173d22ff7371de6f5', '$2y$10$fedjXy3MLNjDguwZZkf4Ie.7kab4/YGmtYdPhBJgZn1ipiM3avZJy', 'Marta', 'Martinez', 'marta.martinez11@test.com', '623721335', 'Aragon', 'Teruel', 'votante');
INSERT INTO usuarios (id, dni_hash, password, nombre, apellidos, email, num_telefono, provincia, ciudad, rol) VALUES (12, '981b4a35e51a316f51ad3a197ea8ac99cfcb1de195b2b7683a083e1b63d70549', '$2y$10$fedjXy3MLNjDguwZZkf4Ie.7kab4/YGmtYdPhBJgZn1ipiM3avZJy', 'Diego', 'Ruiz', 'diego.ruiz12@test.com', '642026972', 'Madrid', 'Móstoles', 'votante');
INSERT INTO usuarios (id, dni_hash, password, nombre, apellidos, email, num_telefono, provincia, ciudad, rol) VALUES (13, '623c9ac2147627f8697661e5e6bc1b878b58fe9b5d77144041799b9d434efa35', '$2y$10$fedjXy3MLNjDguwZZkf4Ie.7kab4/YGmtYdPhBJgZn1ipiM3avZJy', 'Jose', 'Molina', 'jose.molina13@test.com', '685456769', 'Andalucia', 'Málaga', 'votante');
INSERT INTO usuarios (id, dni_hash, password, nombre, apellidos, email, num_telefono, provincia, ciudad, rol) VALUES (14, '4c0c64ec235532673c55fd0133890557374750ace41e7def06f0a3612d439d54', '$2y$10$fedjXy3MLNjDguwZZkf4Ie.7kab4/YGmtYdPhBJgZn1ipiM3avZJy', 'Raul', 'Lopez', 'raul.lopez14@test.com', '642785116', 'Galicia', 'A Coruña', 'votante');
INSERT INTO usuarios (id, dni_hash, password, nombre, apellidos, email, num_telefono, provincia, ciudad, rol) VALUES (15, '615ec4f9b7ee62cbf38ba1b07f994606ca95aa176bb56e2311c0487899206c0f', '$2y$10$fedjXy3MLNjDguwZZkf4Ie.7kab4/YGmtYdPhBJgZn1ipiM3avZJy', 'Antonio', 'Fernandez', 'antonio.fernandez15@test.com', '699223350', 'Cataluña', 'Barcelona', 'votante');
INSERT INTO usuarios (id, dni_hash, password, nombre, apellidos, email, num_telefono, provincia, ciudad, rol) VALUES (16, 'd97b53b3ced9208791b33c0b562451cb8c1ad3186824d760dda05c337e9022cc', '$2y$10$fedjXy3MLNjDguwZZkf4Ie.7kab4/YGmtYdPhBJgZn1ipiM3avZJy', 'Isabel', 'Gomez', 'isabel.gomez16@test.com', '695277466', 'Valencia', 'Alicante', 'votante');
INSERT INTO usuarios (id, dni_hash, password, nombre, apellidos, email, num_telefono, provincia, ciudad, rol) VALUES (17, 'da89b40b4f36d65fdc5688e9f99159266bbf6102c3895bbc89c153667da46248', '$2y$10$fedjXy3MLNjDguwZZkf4Ie.7kab4/YGmtYdPhBJgZn1ipiM3avZJy', 'Isabel', 'Torres', 'isabel.torres17@test.com', '624200197', 'Madrid', 'Alcalá', 'votante');
INSERT INTO usuarios (id, dni_hash, password, nombre, apellidos, email, num_telefono, provincia, ciudad, rol) VALUES (18, 'e2398a7a4cafbc2d0563f556d727d34ceb8c266101a99763ba43086bb3a1a046', '$2y$10$fedjXy3MLNjDguwZZkf4Ie.7kab4/YGmtYdPhBJgZn1ipiM3avZJy', 'Sofia', 'Jimenez', 'sofia.jimenez18@test.com', '62220901', 'Valencia', 'Castellón', 'votante');
INSERT INTO usuarios (id, dni_hash, password, nombre, apellidos, email, num_telefono, provincia, ciudad, rol) VALUES (19, 'a1399b391588e8a778f11713670ef52fba86e5a27448f0447abfaa543fff4782', '$2y$10$fedjXy3MLNjDguwZZkf4Ie.7kab4/YGmtYdPhBJgZn1ipiM3avZJy', 'Lucia', 'Navarro', 'lucia.navarro19@test.com', '616791591', 'Aragon', 'Huesca', 'votante');
INSERT INTO usuarios (id, dni_hash, password, nombre, apellidos, email, num_telefono, provincia, ciudad, rol) VALUES (20, '38befc008b9e00fb4ba4405e2e30c57ff1563df2d023616d3d106dc97487bd18', '$2y$10$fedjXy3MLNjDguwZZkf4Ie.7kab4/YGmtYdPhBJgZn1ipiM3avZJy', 'Maria', 'Navarro', 'maria.navarro20@test.com', '624931071', 'Andalucia', 'Córdoba', 'votante');
INSERT INTO usuarios (id, dni_hash, password, nombre, apellidos, email, num_telefono, provincia, ciudad, rol) VALUES (21, '8437ee48ec88151d87bc5235f106ffc3481f55de1571a192238bde80214dfe7b', '$2y$10$fedjXy3MLNjDguwZZkf4Ie.7kab4/YGmtYdPhBJgZn1ipiM3avZJy', 'Luis', 'Rubio', 'luis.rubio21@test.com', '648889182', 'Castilla y Leon', 'Salamanca', 'votante');
INSERT INTO usuarios (id, dni_hash, password, nombre, apellidos, email, num_telefono, provincia, ciudad, rol) VALUES (22, '1a24455f741ab1f581d2307c6c6f953ceaa3785d9276d867dd124f6eb8d4472d', '$2y$10$fedjXy3MLNjDguwZZkf4Ie.7kab4/YGmtYdPhBJgZn1ipiM3avZJy', 'Isabel', 'Torres', 'isabel.torres22@test.com', '664498127', 'Pais Vasco', 'Bilbao', 'votante');
INSERT INTO usuarios (id, dni_hash, password, nombre, apellidos, email, num_telefono, provincia, ciudad, rol) VALUES (23, '568ae7d365897bd0800790fba1e3c7eafe943f4cc329214ddcafc34827a872d6', '$2y$10$fedjXy3MLNjDguwZZkf4Ie.7kab4/YGmtYdPhBJgZn1ipiM3avZJy', 'Antonio', 'Herrera', 'antonio.herrera23@test.com', '679185228', 'Madrid', 'Madrid', 'votante');
INSERT INTO usuarios (id, dni_hash, password, nombre, apellidos, email, num_telefono, provincia, ciudad, rol) VALUES (24, 'fe1ff0726a1279b61a9743f6d04e0606cdaee7f0cd24705102c219f16f03f8e2', '$2y$10$fedjXy3MLNjDguwZZkf4Ie.7kab4/YGmtYdPhBJgZn1ipiM3avZJy', 'Carmen', 'Navarro', 'carmen.navarro24@test.com', '612244212', 'Galicia', 'Vigo', 'votante');
INSERT INTO usuarios (id, dni_hash, password, nombre, apellidos, email, num_telefono, provincia, ciudad, rol) VALUES (25, 'dfccacbea452a691ff1255cb0b647485750b3a810b3725876fe1df6459354fc5', '$2y$10$fedjXy3MLNjDguwZZkf4Ie.7kab4/YGmtYdPhBJgZn1ipiM3avZJy', 'Lucia', 'Herrera', 'lucia.herrera25@test.com', '673430569', 'Andalucia', 'Córdoba', 'votante');
INSERT INTO usuarios (id, dni_hash, password, nombre, apellidos, email, num_telefono, provincia, ciudad, rol) VALUES (26, '8b775ff229c92ba42d42a6865a951649afe5f64d0c4f2132f8188d5fd53a7008', '$2y$10$fedjXy3MLNjDguwZZkf4Ie.7kab4/YGmtYdPhBJgZn1ipiM3avZJy', 'David', 'Dominguez', 'david.dominguez26@test.com', '626190188', 'Castilla y Leon', 'Leon', 'votante');
INSERT INTO usuarios (id, dni_hash, password, nombre, apellidos, email, num_telefono, provincia, ciudad, rol) VALUES (27, '6e3a9923eb6e1df2e3bee7efab29abcfb852a0222ee2b163dc8839838238a7b1', '$2y$10$fedjXy3MLNjDguwZZkf4Ie.7kab4/YGmtYdPhBJgZn1ipiM3avZJy', 'Sofia', 'Ramirez', 'sofia.ramirez27@test.com', '616247755', 'Valencia', 'Alicante', 'votante');
INSERT INTO usuarios (id, dni_hash, password, nombre, apellidos, email, num_telefono, provincia, ciudad, rol) VALUES (28, 'fcadc638929aa61dcff5ce7c356aa758d3e3579ed7fc8eb93708e7b46e41b595', '$2y$10$fedjXy3MLNjDguwZZkf4Ie.7kab4/YGmtYdPhBJgZn1ipiM3avZJy', 'Carlos', 'Diaz', 'carlos.diaz28@test.com', '637559601', 'Castilla y Leon', 'Burgos', 'votante');
INSERT INTO usuarios (id, dni_hash, password, nombre, apellidos, email, num_telefono, provincia, ciudad, rol) VALUES (29, 'd2abcda7a9c7ff7832ce527d8f6382b1145070d742a8aa185751efb51853c8e4', '$2y$10$fedjXy3MLNjDguwZZkf4Ie.7kab4/YGmtYdPhBJgZn1ipiM3avZJy', 'Maria', 'Rubio', 'maria.rubio29@test.com', '622870677', 'Galicia', 'A Coruña', 'votante');
INSERT INTO usuarios (id, dni_hash, password, nombre, apellidos, email, num_telefono, provincia, ciudad, rol) VALUES (30, 'a91905042ffb7cb16b3bbc9469cf81ca340ab4040ef7126a76fb663189332b3e', '$2y$10$fedjXy3MLNjDguwZZkf4Ie.7kab4/YGmtYdPhBJgZn1ipiM3avZJy', 'Jorge', 'Jimenez', 'jorge.jimenez30@test.com', '696385224', 'Galicia', 'Vigo', 'votante');
INSERT INTO usuarios (id, dni_hash, password, nombre, apellidos, email, num_telefono, provincia, ciudad, rol) VALUES (31, 'a11a3b09a59d05ed195b41ae97ee985c2bfd94eb6bb72dc0f65f869767b968dc', '$2y$10$fedjXy3MLNjDguwZZkf4Ie.7kab4/YGmtYdPhBJgZn1ipiM3avZJy', 'Pablo', 'Delgado', 'pablo.delgado31@test.com', '640663147', 'Valencia', 'Castellón', 'votante');
INSERT INTO usuarios (id, dni_hash, password, nombre, apellidos, email, num_telefono, provincia, ciudad, rol) VALUES (32, 'a7013ee8863599c2615cb71425e098c759c97d677d2f01f93d3e5fcce8eea7fd', '$2y$10$fedjXy3MLNjDguwZZkf4Ie.7kab4/YGmtYdPhBJgZn1ipiM3avZJy', 'Miguel', 'Gomez', 'miguel.gomez32@test.com', '654612477', 'Valencia', 'Alicante', 'votante');
INSERT INTO usuarios (id, dni_hash, password, nombre, apellidos, email, num_telefono, provincia, ciudad, rol) VALUES (33, '21c18b28ecf504129603f1f4fb95e79cb877fe6246b614f7f796aa612e7110be', '$2y$10$fedjXy3MLNjDguwZZkf4Ie.7kab4/YGmtYdPhBJgZn1ipiM3avZJy', 'Marta', 'Rubio', 'marta.rubio33@test.com', '666115095', 'Castilla y Leon', 'Leon', 'votante');
INSERT INTO usuarios (id, dni_hash, password, nombre, apellidos, email, num_telefono, provincia, ciudad, rol) VALUES (34, '73afdd817237a0df6e2103971308e06907bd6b324cde1b94437d7174dd3c629e', '$2y$10$fedjXy3MLNjDguwZZkf4Ie.7kab4/YGmtYdPhBJgZn1ipiM3avZJy', 'Carmen', 'Diaz', 'carmen.diaz34@test.com', '636278732', 'Castilla y Leon', 'Burgos', 'votante');
INSERT INTO usuarios (id, dni_hash, password, nombre, apellidos, email, num_telefono, provincia, ciudad, rol) VALUES (35, 'ec68b96e4346a6bf0a67d281d4f008fa977ad7eb1704bf1b18fc0518395c76f9', '$2y$10$fedjXy3MLNjDguwZZkf4Ie.7kab4/YGmtYdPhBJgZn1ipiM3avZJy', 'Pablo', 'Molina', 'pablo.molina35@test.com', '695822140', 'Galicia', 'Ourense', 'votante');
INSERT INTO usuarios (id, dni_hash, password, nombre, apellidos, email, num_telefono, provincia, ciudad, rol) VALUES (36, 'd1b2bfdf98e46f96c756a8b5c7cf0b66944ece4e48416af66fab0d9d290529b0', '$2y$10$fedjXy3MLNjDguwZZkf4Ie.7kab4/YGmtYdPhBJgZn1ipiM3avZJy', 'Ana', 'Ruiz', 'ana.ruiz36@test.com', '612485856', 'Pais Vasco', 'San Sebastián', 'votante');
INSERT INTO usuarios (id, dni_hash, password, nombre, apellidos, email, num_telefono, provincia, ciudad, rol) VALUES (37, 'c1e06ee8dfbb62beb8ab8d66f74e11f32bfed1353dca45687c56c38e382b4c04', '$2y$10$fedjXy3MLNjDguwZZkf4Ie.7kab4/YGmtYdPhBJgZn1ipiM3avZJy', 'Isabel', 'Fernandez', 'isabel.fernandez37@test.com', '637574369', 'Aragon', 'Huesca', 'votante');
INSERT INTO usuarios (id, dni_hash, password, nombre, apellidos, email, num_telefono, provincia, ciudad, rol) VALUES (38, 'e7406dac7f5f4e4977c8977232f51084c034b065685826535d7e427099f1849a', '$2y$10$fedjXy3MLNjDguwZZkf4Ie.7kab4/YGmtYdPhBJgZn1ipiM3avZJy', 'Pedro', 'Martin', 'pedro.martin38@test.com', '661562556', 'Valencia', 'Alicante', 'votante');
INSERT INTO usuarios (id, dni_hash, password, nombre, apellidos, email, num_telefono, provincia, ciudad, rol) VALUES (39, 'fbb1d29952d4f4b33de987891766a14fbc06925bb2f78d03cb15cabb2b9c3f8e', '$2y$10$fedjXy3MLNjDguwZZkf4Ie.7kab4/YGmtYdPhBJgZn1ipiM3avZJy', 'Laura', 'Torres', 'laura.torres39@test.com', '620821513', 'Valencia', 'Gandía', 'votante');
INSERT INTO usuarios (id, dni_hash, password, nombre, apellidos, email, num_telefono, provincia, ciudad, rol) VALUES (40, 'adea449bc6a7c55ab8a448ad12f828358ecebefa6a82bad7bac2dee3cf97dc2e', '$2y$10$fedjXy3MLNjDguwZZkf4Ie.7kab4/YGmtYdPhBJgZn1ipiM3avZJy', 'Carlos', 'Diaz', 'carlos.diaz40@test.com', '61827464', 'Aragon', 'Calatayud', 'votante');
INSERT INTO usuarios (id, dni_hash, password, nombre, apellidos, email, num_telefono, provincia, ciudad, rol) VALUES (41, '395570e8b065ecc951a4c9a3c2b5746142299f124ee3dfb3ad8c833068f63119', '$2y$10$fedjXy3MLNjDguwZZkf4Ie.7kab4/YGmtYdPhBJgZn1ipiM3avZJy', 'Lucia', 'Garcia', 'lucia.garcia41@test.com', '688707433', 'Aragon', 'Zaragoza', 'votante');
INSERT INTO usuarios (id, dni_hash, password, nombre, apellidos, email, num_telefono, provincia, ciudad, rol) VALUES (42, 'c61375c9f0b63cbfded87e4cb9e4549d8e32ee3947de4870f4e991ab333fa7db', '$2y$10$fedjXy3MLNjDguwZZkf4Ie.7kab4/YGmtYdPhBJgZn1ipiM3avZJy', 'Pablo', 'Herrera', 'pablo.herrera42@test.com', '619791429', 'Castilla y Leon', 'Leon', 'votante');
INSERT INTO usuarios (id, dni_hash, password, nombre, apellidos, email, num_telefono, provincia, ciudad, rol) VALUES (43, 'aa48fb384c1e1381edcbb4da7dda2c91b5301a445bfa0852fa430360b9aec8f9', '$2y$10$fedjXy3MLNjDguwZZkf4Ie.7kab4/YGmtYdPhBJgZn1ipiM3avZJy', 'Jose', 'Ramirez', 'jose.ramirez43@test.com', '645714631', 'Andalucia', 'Sevilla', 'votante');
INSERT INTO usuarios (id, dni_hash, password, nombre, apellidos, email, num_telefono, provincia, ciudad, rol) VALUES (44, '02471adc6602711c354a5f8a104b85244ee378f44d9c9ffe55836c72f666b709', '$2y$10$fedjXy3MLNjDguwZZkf4Ie.7kab4/YGmtYdPhBJgZn1ipiM3avZJy', 'Pablo', 'Martinez', 'pablo.martinez44@test.com', '622366680', 'Pais Vasco', 'San Sebastián', 'votante');
INSERT INTO usuarios (id, dni_hash, password, nombre, apellidos, email, num_telefono, provincia, ciudad, rol) VALUES (45, '54f0ed48b1b051cad5fce2478b5c88cef18f51caa57e0505df64b18b524065f5', '$2y$10$fedjXy3MLNjDguwZZkf4Ie.7kab4/YGmtYdPhBJgZn1ipiM3avZJy', 'David', 'Sanchez', 'david.sanchez45@test.com', '674166153', 'Aragon', 'Zaragoza', 'votante');
INSERT INTO usuarios (id, dni_hash, password, nombre, apellidos, email, num_telefono, provincia, ciudad, rol) VALUES (46, '6bced1ec84e15882518466fb1b1ffd7c8bd6c8a8bd26fdf4bc40e396a2bb67f0', '$2y$10$fedjXy3MLNjDguwZZkf4Ie.7kab4/YGmtYdPhBJgZn1ipiM3avZJy', 'Carlos', 'Navarro', 'carlos.navarro46@test.com', '629483858', 'Pais Vasco', 'Vitoria', 'votante');
INSERT INTO usuarios (id, dni_hash, password, nombre, apellidos, email, num_telefono, provincia, ciudad, rol) VALUES (47, 'a5eb24530b39d5990d9f632007741e8861d8c0f844a6a33eec0126ccbcb6080e', '$2y$10$fedjXy3MLNjDguwZZkf4Ie.7kab4/YGmtYdPhBJgZn1ipiM3avZJy', 'Elena', 'Diaz', 'elena.diaz47@test.com', '665564993', 'Cataluña', 'Tarragona', 'votante');
INSERT INTO usuarios (id, dni_hash, password, nombre, apellidos, email, num_telefono, provincia, ciudad, rol) VALUES (48, '18559516abe37eecf14919059c1f085d44b9bebabe3755c3b924af412fa8ac0d', '$2y$10$fedjXy3MLNjDguwZZkf4Ie.7kab4/YGmtYdPhBJgZn1ipiM3avZJy', 'Sofia', 'Navarro', 'sofia.navarro48@test.com', '668010733', 'Castilla y Leon', 'Salamanca', 'votante');
INSERT INTO usuarios (id, dni_hash, password, nombre, apellidos, email, num_telefono, provincia, ciudad, rol) VALUES (49, 'eacf29be372cd36eeb3269e1f9c01d5459d084656b30c4f64c2d4d58e26d353c', '$2y$10$fedjXy3MLNjDguwZZkf4Ie.7kab4/YGmtYdPhBJgZn1ipiM3avZJy', 'Marta', 'Gomez', 'marta.gomez49@test.com', '625693323', 'Aragon', 'Calatayud', 'votante');
INSERT INTO usuarios (id, dni_hash, password, nombre, apellidos, email, num_telefono, provincia, ciudad, rol) VALUES (50, 'c1d0797a7cc6dbbfec566af506422cf798c319ea637f1290d054db8573ba45c1', '$2y$10$fedjXy3MLNjDguwZZkf4Ie.7kab4/YGmtYdPhBJgZn1ipiM3avZJy', 'Laura', 'Ramirez', 'laura.ramirez50@test.com', '673393870', 'Castilla y Leon', 'Valladolid', 'votante');

-- 2. ORGANIZACIONES
INSERT INTO organizaciones (id, nombre, descripcion, sede_ciudad, codigo_unico, creado_por) VALUES (1, 'Empresa Fernandez 99', 'Descripción genérica para Empresa Fernandez 99', 'Lleida', 'V73E3116', 44);
INSERT INTO organizaciones (id, nombre, descripcion, sede_ciudad, codigo_unico, creado_por) VALUES (2, 'Sindicato Sanchez 29', 'Descripción genérica para Sindicato Sanchez 29', 'Bilbao', 'BCUCXDWZ', 22);
INSERT INTO organizaciones (id, nombre, descripcion, sede_ciudad, codigo_unico, creado_por) VALUES (3, 'Asociación Diaz 67', 'Descripción genérica para Asociación Diaz 67', 'Lleida', 'BJ0E4LOO', 37);
INSERT INTO organizaciones (id, nombre, descripcion, sede_ciudad, codigo_unico, creado_por) VALUES (4, 'Comunidad Molina 90', 'Descripción genérica para Comunidad Molina 90', 'Bilbao', 'TFIX0E6F', 33);
INSERT INTO organizaciones (id, nombre, descripcion, sede_ciudad, codigo_unico, creado_por) VALUES (5, 'Asociación Jimenez 5', 'Descripción genérica para Asociación Jimenez 5', 'Teruel', '5J16R0LS', 1);

-- 3. ORGANIZACION_MIEMBROS
INSERT INTO organizacion_miembros (organizacion_id, usuario_id, es_admin) VALUES (1, 44, 1);
INSERT INTO organizacion_miembros (organizacion_id, usuario_id, es_admin) VALUES (1, 15, 0);
INSERT INTO organizacion_miembros (organizacion_id, usuario_id, es_admin) VALUES (1, 22, 0);
INSERT INTO organizacion_miembros (organizacion_id, usuario_id, es_admin) VALUES (1, 18, 1);
INSERT INTO organizacion_miembros (organizacion_id, usuario_id, es_admin) VALUES (1, 40, 0);
INSERT INTO organizacion_miembros (organizacion_id, usuario_id, es_admin) VALUES (1, 5, 1);
INSERT INTO organizacion_miembros (organizacion_id, usuario_id, es_admin) VALUES (1, 8, 0);
INSERT INTO organizacion_miembros (organizacion_id, usuario_id, es_admin) VALUES (1, 16, 0);
INSERT INTO organizacion_miembros (organizacion_id, usuario_id, es_admin) VALUES (1, 32, 0);
INSERT INTO organizacion_miembros (organizacion_id, usuario_id, es_admin) VALUES (2, 22, 1);
INSERT INTO organizacion_miembros (organizacion_id, usuario_id, es_admin) VALUES (2, 35, 0);
INSERT INTO organizacion_miembros (organizacion_id, usuario_id, es_admin) VALUES (2, 31, 0);
INSERT INTO organizacion_miembros (organizacion_id, usuario_id, es_admin) VALUES (2, 5, 1);
INSERT INTO organizacion_miembros (organizacion_id, usuario_id, es_admin) VALUES (3, 37, 1);
INSERT INTO organizacion_miembros (organizacion_id, usuario_id, es_admin) VALUES (3, 46, 0);
INSERT INTO organizacion_miembros (organizacion_id, usuario_id, es_admin) VALUES (3, 40, 0);
INSERT INTO organizacion_miembros (organizacion_id, usuario_id, es_admin) VALUES (3, 28, 0);
INSERT INTO organizacion_miembros (organizacion_id, usuario_id, es_admin) VALUES (3, 16, 0);
INSERT INTO organizacion_miembros (organizacion_id, usuario_id, es_admin) VALUES (3, 9, 0);
INSERT INTO organizacion_miembros (organizacion_id, usuario_id, es_admin) VALUES (3, 31, 0);
INSERT INTO organizacion_miembros (organizacion_id, usuario_id, es_admin) VALUES (3, 11, 0);
INSERT INTO organizacion_miembros (organizacion_id, usuario_id, es_admin) VALUES (3, 12, 0);
INSERT INTO organizacion_miembros (organizacion_id, usuario_id, es_admin) VALUES (4, 33, 1);
INSERT INTO organizacion_miembros (organizacion_id, usuario_id, es_admin) VALUES (4, 30, 0);
INSERT INTO organizacion_miembros (organizacion_id, usuario_id, es_admin) VALUES (4, 5, 1);
INSERT INTO organizacion_miembros (organizacion_id, usuario_id, es_admin) VALUES (4, 31, 0);
INSERT INTO organizacion_miembros (organizacion_id, usuario_id, es_admin) VALUES (4, 41, 0);
INSERT INTO organizacion_miembros (organizacion_id, usuario_id, es_admin) VALUES (4, 50, 0);
INSERT INTO organizacion_miembros (organizacion_id, usuario_id, es_admin) VALUES (5, 1, 1);
INSERT INTO organizacion_miembros (organizacion_id, usuario_id, es_admin) VALUES (5, 4, 0);
INSERT INTO organizacion_miembros (organizacion_id, usuario_id, es_admin) VALUES (5, 39, 0);
INSERT INTO organizacion_miembros (organizacion_id, usuario_id, es_admin) VALUES (5, 41, 0);
INSERT INTO organizacion_miembros (organizacion_id, usuario_id, es_admin) VALUES (5, 40, 1);
INSERT INTO organizacion_miembros (organizacion_id, usuario_id, es_admin) VALUES (5, 24, 0);
INSERT INTO organizacion_miembros (organizacion_id, usuario_id, es_admin) VALUES (5, 42, 1);

-- 4. ORGANIZACION_SOLICITUDES
INSERT INTO organizacion_solicitudes (organizacion_id, usuario_id, pide_ser_admin, estado) VALUES (1, 2, 0, 'denegada');
INSERT INTO organizacion_solicitudes (organizacion_id, usuario_id, pide_ser_admin, estado) VALUES (1, 34, 0, 'pendiente');
INSERT INTO organizacion_solicitudes (organizacion_id, usuario_id, pide_ser_admin, estado) VALUES (1, 6, 1, 'pendiente');
INSERT INTO organizacion_solicitudes (organizacion_id, usuario_id, pide_ser_admin, estado) VALUES (2, 38, 0, 'pendiente');
INSERT INTO organizacion_solicitudes (organizacion_id, usuario_id, pide_ser_admin, estado) VALUES (2, 14, 1, 'denegada');
INSERT INTO organizacion_solicitudes (organizacion_id, usuario_id, pide_ser_admin, estado) VALUES (3, 27, 0, 'denegada');
INSERT INTO organizacion_solicitudes (organizacion_id, usuario_id, pide_ser_admin, estado) VALUES (4, 22, 0, 'denegada');
INSERT INTO organizacion_solicitudes (organizacion_id, usuario_id, pide_ser_admin, estado) VALUES (4, 47, 0, 'denegada');
INSERT INTO organizacion_solicitudes (organizacion_id, usuario_id, pide_ser_admin, estado) VALUES (4, 4, 0, 'pendiente');
INSERT INTO organizacion_solicitudes (organizacion_id, usuario_id, pide_ser_admin, estado) VALUES (5, 36, 0, 'pendiente');
INSERT INTO organizacion_solicitudes (organizacion_id, usuario_id, pide_ser_admin, estado) VALUES (5, 6, 0, 'pendiente');

-- 5. VOTACIONES
INSERT INTO votaciones (id, id_autor, titulo, descripcion, tipo, alcance, provincia_target, ciudad_target, id_grupo, fecha_inicio, fecha_final) VALUES (1, 33, 'Votación Interna Comunidad Molina 90', 'Descripción de prueba', 'privada', NULL, NULL, NULL, 4, '2026-05-02 20:36:43', '2026-05-17 20:36:43');
INSERT INTO votaciones (id, id_autor, titulo, descripcion, tipo, alcance, provincia_target, ciudad_target, id_grupo, fecha_inicio, fecha_final) VALUES (2, 2, 'Referéndum Provincial de Aragon', 'Descripción de prueba', 'gubernamental', 'provincial', 'Aragon', NULL, NULL, '2026-05-05 13:07:39', '2026-05-20 13:07:39');
INSERT INTO votaciones (id, id_autor, titulo, descripcion, tipo, alcance, provincia_target, ciudad_target, id_grupo, fecha_inicio, fecha_final) VALUES (3, 2, 'Elecciones Nacionales Generales', 'Descripción de prueba', 'gubernamental', 'nacional', NULL, NULL, NULL, '2026-02-26 05:27:54', '2026-03-13 05:27:54');
INSERT INTO votaciones (id, id_autor, titulo, descripcion, tipo, alcance, provincia_target, ciudad_target, id_grupo, fecha_inicio, fecha_final) VALUES (4, 33, 'Votación Interna Comunidad Molina 90', 'Descripción de prueba', 'privada', NULL, NULL, NULL, 4, '2026-04-25 10:18:17', '2026-05-10 10:18:17');
INSERT INTO votaciones (id, id_autor, titulo, descripcion, tipo, alcance, provincia_target, ciudad_target, id_grupo, fecha_inicio, fecha_final) VALUES (5, 37, 'Votación Interna Asociación Diaz 67', 'Descripción de prueba', 'privada', NULL, NULL, NULL, 3, '2026-04-17 00:51:16', '2026-05-02 00:51:16');
INSERT INTO votaciones (id, id_autor, titulo, descripcion, tipo, alcance, provincia_target, ciudad_target, id_grupo, fecha_inicio, fecha_final) VALUES (6, 33, 'Votación Interna Comunidad Molina 90', 'Descripción de prueba', 'privada', NULL, NULL, NULL, 4, '2026-03-24 23:44:57', '2026-04-08 23:44:57');
INSERT INTO votaciones (id, id_autor, titulo, descripcion, tipo, alcance, provincia_target, ciudad_target, id_grupo, fecha_inicio, fecha_final) VALUES (7, 1, 'Referéndum Provincial de Galicia', 'Descripción de prueba', 'gubernamental', 'provincial', 'Galicia', NULL, NULL, '2026-03-20 20:00:45', '2026-04-04 20:00:45');
INSERT INTO votaciones (id, id_autor, titulo, descripcion, tipo, alcance, provincia_target, ciudad_target, id_grupo, fecha_inicio, fecha_final) VALUES (8, 2, 'Referéndum Provincial de Pais Vasco', 'Descripción de prueba', 'gubernamental', 'provincial', 'Pais Vasco', NULL, NULL, '2026-05-01 16:11:11', '2026-05-16 16:11:11');
INSERT INTO votaciones (id, id_autor, titulo, descripcion, tipo, alcance, provincia_target, ciudad_target, id_grupo, fecha_inicio, fecha_final) VALUES (9, 1, 'Referéndum Provincial de Aragon', 'Descripción de prueba', 'gubernamental', 'provincial', 'Aragon', NULL, NULL, '2026-05-03 22:45:04', '2026-05-18 22:45:04');
INSERT INTO votaciones (id, id_autor, titulo, descripcion, tipo, alcance, provincia_target, ciudad_target, id_grupo, fecha_inicio, fecha_final) VALUES (10, 1, 'Presupuestos Participativos Barakaldo', 'Descripción de prueba', 'gubernamental', 'local', 'Pais Vasco', 'Barakaldo', NULL, '2026-05-01 00:26:59', '2026-05-16 00:26:59');

-- 6. OPCIONES
INSERT INTO opciones (id, id_votacion, nombre_opcion, desc_opcion) VALUES (1, 1, 'Opción 1', 'Detalles de opción 1');
INSERT INTO opciones (id, id_votacion, nombre_opcion, desc_opcion) VALUES (2, 1, 'Opción 2', 'Detalles de opción 2');
INSERT INTO opciones (id, id_votacion, nombre_opcion, desc_opcion) VALUES (3, 1, 'Opción 3', 'Detalles de opción 3');
INSERT INTO opciones (id, id_votacion, nombre_opcion, desc_opcion) VALUES (4, 2, 'Opción 1', 'Detalles de opción 1');
INSERT INTO opciones (id, id_votacion, nombre_opcion, desc_opcion) VALUES (5, 2, 'Opción 2', 'Detalles de opción 2');
INSERT INTO opciones (id, id_votacion, nombre_opcion, desc_opcion) VALUES (6, 3, 'Opción 1', 'Detalles de opción 1');
INSERT INTO opciones (id, id_votacion, nombre_opcion, desc_opcion) VALUES (7, 3, 'Opción 2', 'Detalles de opción 2');
INSERT INTO opciones (id, id_votacion, nombre_opcion, desc_opcion) VALUES (8, 4, 'Opción 1', 'Detalles de opción 1');
INSERT INTO opciones (id, id_votacion, nombre_opcion, desc_opcion) VALUES (9, 4, 'Opción 2', 'Detalles de opción 2');
INSERT INTO opciones (id, id_votacion, nombre_opcion, desc_opcion) VALUES (10, 5, 'Opción 1', 'Detalles de opción 1');
INSERT INTO opciones (id, id_votacion, nombre_opcion, desc_opcion) VALUES (11, 5, 'Opción 2', 'Detalles de opción 2');
INSERT INTO opciones (id, id_votacion, nombre_opcion, desc_opcion) VALUES (12, 5, 'Opción 3', 'Detalles de opción 3');
INSERT INTO opciones (id, id_votacion, nombre_opcion, desc_opcion) VALUES (13, 5, 'Opción 4', 'Detalles de opción 4');
INSERT INTO opciones (id, id_votacion, nombre_opcion, desc_opcion) VALUES (14, 6, 'Opción 1', 'Detalles de opción 1');
INSERT INTO opciones (id, id_votacion, nombre_opcion, desc_opcion) VALUES (15, 6, 'Opción 2', 'Detalles de opción 2');
INSERT INTO opciones (id, id_votacion, nombre_opcion, desc_opcion) VALUES (16, 7, 'Opción 1', 'Detalles de opción 1');
INSERT INTO opciones (id, id_votacion, nombre_opcion, desc_opcion) VALUES (17, 7, 'Opción 2', 'Detalles de opción 2');
INSERT INTO opciones (id, id_votacion, nombre_opcion, desc_opcion) VALUES (18, 7, 'Opción 3', 'Detalles de opción 3');
INSERT INTO opciones (id, id_votacion, nombre_opcion, desc_opcion) VALUES (19, 8, 'Opción 1', 'Detalles de opción 1');
INSERT INTO opciones (id, id_votacion, nombre_opcion, desc_opcion) VALUES (20, 8, 'Opción 2', 'Detalles de opción 2');
INSERT INTO opciones (id, id_votacion, nombre_opcion, desc_opcion) VALUES (21, 9, 'Opción 1', 'Detalles de opción 1');
INSERT INTO opciones (id, id_votacion, nombre_opcion, desc_opcion) VALUES (22, 9, 'Opción 2', 'Detalles de opción 2');
INSERT INTO opciones (id, id_votacion, nombre_opcion, desc_opcion) VALUES (23, 9, 'Opción 3', 'Detalles de opción 3');
INSERT INTO opciones (id, id_votacion, nombre_opcion, desc_opcion) VALUES (24, 10, 'Opción 1', 'Detalles de opción 1');
INSERT INTO opciones (id, id_votacion, nombre_opcion, desc_opcion) VALUES (25, 10, 'Opción 2', 'Detalles de opción 2');

-- 7. VOTOS REGISTRADOS Y ANONIMOS
INSERT INTO votos_registrados (id_votacion, id_usuario, fecha_participacion) VALUES (3, 20, '2026-03-11 22:40:22');
INSERT INTO votos_anonimos (id_votacion, id_opcion, hash_integridad, fecha_voto) VALUES (3, 6, '6e5a440f9592ebdbdad5f6fd2db65d21c9764da8eb3a21fdc8453c18e6542a51', '2026-03-11 22:40:22');
INSERT INTO votos_registrados (id_votacion, id_usuario, fecha_participacion) VALUES (3, 12, '2026-03-07 18:33:41');
INSERT INTO votos_anonimos (id_votacion, id_opcion, hash_integridad, fecha_voto) VALUES (3, 6, '81190e876d43046cd5922e84c0dfe9873da73ed625a752674f9a009cbaf99632', '2026-03-07 18:33:41');
INSERT INTO votos_registrados (id_votacion, id_usuario, fecha_participacion) VALUES (3, 37, '2026-03-01 00:34:48');
INSERT INTO votos_anonimos (id_votacion, id_opcion, hash_integridad, fecha_voto) VALUES (3, 7, '1a78fbf7dccde3250a13d56fec217ff288d573641a07136ee74c1d4b3d54b568', '2026-03-01 00:34:48');
INSERT INTO votos_registrados (id_votacion, id_usuario, fecha_participacion) VALUES (3, 8, '2026-03-11 04:50:54');
INSERT INTO votos_anonimos (id_votacion, id_opcion, hash_integridad, fecha_voto) VALUES (3, 7, '0090ebb975eccd3948a41f57ec3ad9e185fe7b45d99223ca017b6165e41d1a6f', '2026-03-11 04:50:54');
INSERT INTO votos_registrados (id_votacion, id_usuario, fecha_participacion) VALUES (3, 26, '2026-02-27 13:03:26');
INSERT INTO votos_anonimos (id_votacion, id_opcion, hash_integridad, fecha_voto) VALUES (3, 7, 'f214064d55ddd57ff242af63f013828e6df1c9b2c720830b75687523f6d6284e', '2026-02-27 13:03:26');
INSERT INTO votos_registrados (id_votacion, id_usuario, fecha_participacion) VALUES (3, 19, '2026-03-01 20:06:40');
INSERT INTO votos_anonimos (id_votacion, id_opcion, hash_integridad, fecha_voto) VALUES (3, 6, '7da62db0a8300ddb276787bc731ef669a035782603c9744591d3ca5c67ba4dc8', '2026-03-01 20:06:40');
INSERT INTO votos_registrados (id_votacion, id_usuario, fecha_participacion) VALUES (3, 44, '2026-03-10 23:21:54');
INSERT INTO votos_anonimos (id_votacion, id_opcion, hash_integridad, fecha_voto) VALUES (3, 6, '39a9902e600e660375c773644ee5b95ca0aa8f229abece52065400fb370efcc7', '2026-03-10 23:21:54');
INSERT INTO votos_registrados (id_votacion, id_usuario, fecha_participacion) VALUES (3, 10, '2026-03-08 22:07:21');
INSERT INTO votos_anonimos (id_votacion, id_opcion, hash_integridad, fecha_voto) VALUES (3, 6, '74b3502c4e91917e989c3a188929a9bf5b69ef2e4a62d4aa7d78f18fc0136f89', '2026-03-08 22:07:21');
INSERT INTO votos_registrados (id_votacion, id_usuario, fecha_participacion) VALUES (3, 4, '2026-02-27 16:39:15');
INSERT INTO votos_anonimos (id_votacion, id_opcion, hash_integridad, fecha_voto) VALUES (3, 7, '1b82dc2dec61e9de027bf6c332b8d0553b596443811b079bc166516b8c45c49b', '2026-02-27 16:39:15');
INSERT INTO votos_registrados (id_votacion, id_usuario, fecha_participacion) VALUES (3, 41, '2026-03-07 22:36:11');
INSERT INTO votos_anonimos (id_votacion, id_opcion, hash_integridad, fecha_voto) VALUES (3, 6, 'abc2cad036242da6c9567f7dcf8b75a7a3fb8ed5fe17b655c136234ec5ffb95c', '2026-03-07 22:36:11');
INSERT INTO votos_registrados (id_votacion, id_usuario, fecha_participacion) VALUES (3, 49, '2026-03-12 22:58:56');
INSERT INTO votos_anonimos (id_votacion, id_opcion, hash_integridad, fecha_voto) VALUES (3, 7, 'b669aa57766d5b4fc8ab5efa98bcd65c63e744b3b0ce6842fc1e14c3d83937a5', '2026-03-12 22:58:56');
INSERT INTO votos_registrados (id_votacion, id_usuario, fecha_participacion) VALUES (3, 22, '2026-03-13 04:37:24');
INSERT INTO votos_anonimos (id_votacion, id_opcion, hash_integridad, fecha_voto) VALUES (3, 7, '0a0a8822896914b87d281540458c159779b1623ef95b981ce5b7e9d45d4ac87d', '2026-03-13 04:37:24');
INSERT INTO votos_registrados (id_votacion, id_usuario, fecha_participacion) VALUES (3, 31, '2026-03-08 16:47:31');
INSERT INTO votos_anonimos (id_votacion, id_opcion, hash_integridad, fecha_voto) VALUES (3, 7, '0772bdd5bcea0905f37fe9b4407adcd0e0fd65313907459fd3195b0b303cfa5a', '2026-03-08 16:47:31');
INSERT INTO votos_registrados (id_votacion, id_usuario, fecha_participacion) VALUES (3, 18, '2026-02-28 20:05:01');
INSERT INTO votos_anonimos (id_votacion, id_opcion, hash_integridad, fecha_voto) VALUES (3, 7, 'fb5f54fbc5528e5594aaf067272b727aeca704b9437ce585930ee065f4d02036', '2026-02-28 20:05:01');
INSERT INTO votos_registrados (id_votacion, id_usuario, fecha_participacion) VALUES (3, 2, '2026-02-27 00:10:47');
INSERT INTO votos_anonimos (id_votacion, id_opcion, hash_integridad, fecha_voto) VALUES (3, 6, '027e4c527899e20d9f191b87827c2d016e20ec85bf1fc61d3ad84827acd957da', '2026-02-27 00:10:47');
INSERT INTO votos_registrados (id_votacion, id_usuario, fecha_participacion) VALUES (3, 16, '2026-03-12 20:23:10');
INSERT INTO votos_anonimos (id_votacion, id_opcion, hash_integridad, fecha_voto) VALUES (3, 7, '4cb423e8c3ff6a7e221d628bee629156ad6872c015564bea5604f54172fa1213', '2026-03-12 20:23:10');
INSERT INTO votos_registrados (id_votacion, id_usuario, fecha_participacion) VALUES (3, 38, '2026-03-03 15:07:46');
INSERT INTO votos_anonimos (id_votacion, id_opcion, hash_integridad, fecha_voto) VALUES (3, 6, 'ab9234befb6a3ca735522229cb12f51caa94fcfbe21443d7b1962e5d526dce8f', '2026-03-03 15:07:46');
INSERT INTO votos_registrados (id_votacion, id_usuario, fecha_participacion) VALUES (3, 5, '2026-03-02 15:14:36');
INSERT INTO votos_anonimos (id_votacion, id_opcion, hash_integridad, fecha_voto) VALUES (3, 7, '79e1d32e484b3eae7736baa6b74f4c388234a76fea4f4a07c49eaf12d56d61c0', '2026-03-02 15:14:36');
INSERT INTO votos_registrados (id_votacion, id_usuario, fecha_participacion) VALUES (3, 43, '2026-02-26 07:42:05');
INSERT INTO votos_anonimos (id_votacion, id_opcion, hash_integridad, fecha_voto) VALUES (3, 7, 'b54ed6812ddfb56446c347e35c0a49553420b89e5febdb4e5becce09e8e5bd63', '2026-02-26 07:42:05');
INSERT INTO votos_registrados (id_votacion, id_usuario, fecha_participacion) VALUES (3, 24, '2026-03-05 20:27:19');
INSERT INTO votos_anonimos (id_votacion, id_opcion, hash_integridad, fecha_voto) VALUES (3, 6, '0ef8d0c77be2de4d31963575bc1a2cb2eeae019bde938e956cded5e962dbeab7', '2026-03-05 20:27:19');
INSERT INTO votos_registrados (id_votacion, id_usuario, fecha_participacion) VALUES (3, 21, '2026-03-07 06:43:13');
INSERT INTO votos_anonimos (id_votacion, id_opcion, hash_integridad, fecha_voto) VALUES (3, 6, '30f8e0eb7640e19915814c7c33056484a17b3060d08c364e339d81f14eed23c7', '2026-03-07 06:43:13');
INSERT INTO votos_registrados (id_votacion, id_usuario, fecha_participacion) VALUES (3, 13, '2026-02-26 09:40:32');
INSERT INTO votos_anonimos (id_votacion, id_opcion, hash_integridad, fecha_voto) VALUES (3, 7, '38466721baf96702608f1c938515bd594bfa6565b363159f484f5565ad5e15d4', '2026-02-26 09:40:32');
INSERT INTO votos_registrados (id_votacion, id_usuario, fecha_participacion) VALUES (3, 25, '2026-03-03 00:30:16');
INSERT INTO votos_anonimos (id_votacion, id_opcion, hash_integridad, fecha_voto) VALUES (3, 6, '0c5389500e099690339895ef6fbddf2dc5103f6357658806441f53b3e28e031d', '2026-03-03 00:30:16');
INSERT INTO votos_registrados (id_votacion, id_usuario, fecha_participacion) VALUES (3, 17, '2026-03-04 09:31:34');
INSERT INTO votos_anonimos (id_votacion, id_opcion, hash_integridad, fecha_voto) VALUES (3, 6, '5caf2c82008f1e87f08d31501b9436f64f610d5c3dd11caf2872086749be81f1', '2026-03-04 09:31:34');
INSERT INTO votos_registrados (id_votacion, id_usuario, fecha_participacion) VALUES (3, 50, '2026-03-02 10:58:26');
INSERT INTO votos_anonimos (id_votacion, id_opcion, hash_integridad, fecha_voto) VALUES (3, 7, 'f3bbcb461755860187ccbd7167fc2281124bccaa3821958850e3454ac314be44', '2026-03-02 10:58:26');
INSERT INTO votos_registrados (id_votacion, id_usuario, fecha_participacion) VALUES (3, 6, '2026-03-10 01:39:11');
INSERT INTO votos_anonimos (id_votacion, id_opcion, hash_integridad, fecha_voto) VALUES (3, 6, '9eee2b1917f62d3e051ddc1ad4214c96b2a58e90c048a4c6198aec2aa16d1665', '2026-03-10 01:39:11');
INSERT INTO votos_registrados (id_votacion, id_usuario, fecha_participacion) VALUES (3, 14, '2026-03-09 16:02:39');
INSERT INTO votos_anonimos (id_votacion, id_opcion, hash_integridad, fecha_voto) VALUES (3, 6, '015eb6766abfda423ceaf333fa45dc963428eb50bea73036c9a96490a703e68a', '2026-03-09 16:02:39');
INSERT INTO votos_registrados (id_votacion, id_usuario, fecha_participacion) VALUES (3, 3, '2026-03-12 17:01:51');
INSERT INTO votos_anonimos (id_votacion, id_opcion, hash_integridad, fecha_voto) VALUES (3, 7, 'b34e4d9c92276f54ac5096a0d2a2e70b56e87800053505c6b656f8b379d08363', '2026-03-12 17:01:51');
INSERT INTO votos_registrados (id_votacion, id_usuario, fecha_participacion) VALUES (3, 1, '2026-03-02 13:25:17');
INSERT INTO votos_anonimos (id_votacion, id_opcion, hash_integridad, fecha_voto) VALUES (3, 6, 'fc0d1067dcfdde830f52a25ab212e335e47ae8b70391335fa63a71f98ee9b15e', '2026-03-02 13:25:17');
INSERT INTO votos_registrados (id_votacion, id_usuario, fecha_participacion) VALUES (3, 15, '2026-03-04 20:42:24');
INSERT INTO votos_anonimos (id_votacion, id_opcion, hash_integridad, fecha_voto) VALUES (3, 7, 'b8b3754bb4d72653c688d43326cec5624a7ed8ed0e36b89bd29c9bf897cc906c', '2026-03-04 20:42:24');
INSERT INTO votos_registrados (id_votacion, id_usuario, fecha_participacion) VALUES (3, 29, '2026-03-01 20:03:44');
INSERT INTO votos_anonimos (id_votacion, id_opcion, hash_integridad, fecha_voto) VALUES (3, 7, '3316320d796e79bb351790f26c9101b6fe086a72c05dbff1a25096a8d018ea83', '2026-03-01 20:03:44');
INSERT INTO votos_registrados (id_votacion, id_usuario, fecha_participacion) VALUES (3, 45, '2026-02-26 17:34:24');
INSERT INTO votos_anonimos (id_votacion, id_opcion, hash_integridad, fecha_voto) VALUES (3, 6, '14fc04f9b11d88c89a929e3da3279ac5f8da0154196ee344e2743887130aa8ac', '2026-02-26 17:34:24');
INSERT INTO votos_registrados (id_votacion, id_usuario, fecha_participacion) VALUES (3, 34, '2026-03-06 02:41:56');
INSERT INTO votos_anonimos (id_votacion, id_opcion, hash_integridad, fecha_voto) VALUES (3, 7, 'af81aa0179d3cf7a8f254341d38e90a6021b6cb8e55db1bf16251726aa858a68', '2026-03-06 02:41:56');
INSERT INTO votos_registrados (id_votacion, id_usuario, fecha_participacion) VALUES (3, 48, '2026-03-02 21:11:44');
INSERT INTO votos_anonimos (id_votacion, id_opcion, hash_integridad, fecha_voto) VALUES (3, 6, '209ea2951c8f761f3b64de793b2534b0b01bb0a711714ae403536ef296abada9', '2026-03-02 21:11:44');
INSERT INTO votos_registrados (id_votacion, id_usuario, fecha_participacion) VALUES (3, 23, '2026-03-08 03:58:09');
INSERT INTO votos_anonimos (id_votacion, id_opcion, hash_integridad, fecha_voto) VALUES (3, 7, 'de2d683566982d0b53ed67da8ced190cc0d840581dd9192522e0dd8eaed300c9', '2026-03-08 03:58:09');
INSERT INTO votos_registrados (id_votacion, id_usuario, fecha_participacion) VALUES (3, 47, '2026-03-12 01:57:51');
INSERT INTO votos_anonimos (id_votacion, id_opcion, hash_integridad, fecha_voto) VALUES (3, 7, 'fd111486d021bbc6d4a1c2194a5ff75df10434d027fff70a2fb6041ada9a3ba7', '2026-03-12 01:57:51');
INSERT INTO votos_registrados (id_votacion, id_usuario, fecha_participacion) VALUES (3, 11, '2026-02-27 05:19:45');
INSERT INTO votos_anonimos (id_votacion, id_opcion, hash_integridad, fecha_voto) VALUES (3, 7, '85fb92ce2582f9d510b9201a2f98f6c1171c5d137582e9153977c9340796de8f', '2026-02-27 05:19:45');
INSERT INTO votos_registrados (id_votacion, id_usuario, fecha_participacion) VALUES (3, 35, '2026-02-28 05:09:03');
INSERT INTO votos_anonimos (id_votacion, id_opcion, hash_integridad, fecha_voto) VALUES (3, 6, 'a10ed22461e6d0c7db23bc08fcaced73fd36f15f968ab1e64aa5da335a0f1d13', '2026-02-28 05:09:03');
INSERT INTO votos_registrados (id_votacion, id_usuario, fecha_participacion) VALUES (3, 46, '2026-03-05 22:16:16');
INSERT INTO votos_anonimos (id_votacion, id_opcion, hash_integridad, fecha_voto) VALUES (3, 7, '3b364e215495a1b0a825b4de6145ef96526ff88f7b0fc4c535c3113e280d2b11', '2026-03-05 22:16:16');
INSERT INTO votos_registrados (id_votacion, id_usuario, fecha_participacion) VALUES (3, 42, '2026-03-11 04:53:58');
INSERT INTO votos_anonimos (id_votacion, id_opcion, hash_integridad, fecha_voto) VALUES (3, 7, '1d45000a7be26d4fdc061c17b125111da83105d533776ce1918b8573f12ae560', '2026-03-11 04:53:58');
INSERT INTO votos_registrados (id_votacion, id_usuario, fecha_participacion) VALUES (3, 7, '2026-03-09 03:16:32');
INSERT INTO votos_anonimos (id_votacion, id_opcion, hash_integridad, fecha_voto) VALUES (3, 7, '0152175a0c9b73ec372bd2e389b22772887d6b394e2571063544e3dc5ce4b820', '2026-03-09 03:16:32');
INSERT INTO votos_registrados (id_votacion, id_usuario, fecha_participacion) VALUES (3, 40, '2026-02-27 08:10:26');
INSERT INTO votos_anonimos (id_votacion, id_opcion, hash_integridad, fecha_voto) VALUES (3, 6, '71f963f9400292926d8d98628cc1c479aa20973f4929f77d311e7c2aec2db026', '2026-02-27 08:10:26');
INSERT INTO votos_registrados (id_votacion, id_usuario, fecha_participacion) VALUES (3, 9, '2026-03-02 04:33:11');
INSERT INTO votos_anonimos (id_votacion, id_opcion, hash_integridad, fecha_voto) VALUES (3, 7, '9a0793003809327ffa3e98b62eb6097aa36a79810eff9cba3f320d4c88943803', '2026-03-02 04:33:11');
INSERT INTO votos_registrados (id_votacion, id_usuario, fecha_participacion) VALUES (3, 39, '2026-02-28 03:00:22');
INSERT INTO votos_anonimos (id_votacion, id_opcion, hash_integridad, fecha_voto) VALUES (3, 7, 'ae9c73bb6837aafc42f93ca9f857a14b524cc741e20afc29f151ee75d78f4ef4', '2026-02-28 03:00:22');
INSERT INTO votos_registrados (id_votacion, id_usuario, fecha_participacion) VALUES (4, 31, '2026-04-26 17:20:52');
INSERT INTO votos_anonimos (id_votacion, id_opcion, hash_integridad, fecha_voto) VALUES (4, 9, '3f73e38a9c554e0cc5838747390d8b50a9647f1e60003a006593f759d450d59a', '2026-04-26 17:20:52');
INSERT INTO votos_registrados (id_votacion, id_usuario, fecha_participacion) VALUES (4, 50, '2026-04-25 22:08:19');
INSERT INTO votos_anonimos (id_votacion, id_opcion, hash_integridad, fecha_voto) VALUES (4, 9, '047d1476e43527e525210265c50830c1b3d7ceb3298b792c201688eced3b8605', '2026-04-25 22:08:19');
INSERT INTO votos_registrados (id_votacion, id_usuario, fecha_participacion) VALUES (4, 41, '2026-04-26 22:33:34');
INSERT INTO votos_anonimos (id_votacion, id_opcion, hash_integridad, fecha_voto) VALUES (4, 8, 'c542f0cdc25cd0ca7545a1c871497cee47d2c73e459fc106898086d3349a4016', '2026-04-26 22:33:34');
INSERT INTO votos_registrados (id_votacion, id_usuario, fecha_participacion) VALUES (5, 40, '2026-04-21 02:12:12');
INSERT INTO votos_anonimos (id_votacion, id_opcion, hash_integridad, fecha_voto) VALUES (5, 10, '5ecefa4badb14b6d09b3650b54d1437658ef267c65ae467754d1ae9bbfa53976', '2026-04-21 02:12:12');
INSERT INTO votos_registrados (id_votacion, id_usuario, fecha_participacion) VALUES (5, 37, '2026-04-25 09:38:45');
INSERT INTO votos_anonimos (id_votacion, id_opcion, hash_integridad, fecha_voto) VALUES (5, 11, 'f8476d9f26e7529a54a3e44da2793ad2cc36f938ed9fdb5e51c5b9fb298d1ece', '2026-04-25 09:38:45');
INSERT INTO votos_registrados (id_votacion, id_usuario, fecha_participacion) VALUES (6, 31, '2026-03-26 17:47:42');
INSERT INTO votos_anonimos (id_votacion, id_opcion, hash_integridad, fecha_voto) VALUES (6, 15, 'd73da7fe20db99624dd8ca0c53bc75e3995911a68fb7c269a85683ea620dccd0', '2026-03-26 17:47:42');
INSERT INTO votos_registrados (id_votacion, id_usuario, fecha_participacion) VALUES (6, 33, '2026-03-29 13:59:13');
INSERT INTO votos_anonimos (id_votacion, id_opcion, hash_integridad, fecha_voto) VALUES (6, 14, '4e555a3e58a97e66fd2715e380ede8290ae56b7866f230a3c6104b699ed00507', '2026-03-29 13:59:13');
INSERT INTO votos_registrados (id_votacion, id_usuario, fecha_participacion) VALUES (7, 14, '2026-03-26 18:18:21');
INSERT INTO votos_anonimos (id_votacion, id_opcion, hash_integridad, fecha_voto) VALUES (7, 16, 'edabd10fd8d747f47465db9664db3aa90b8f7d9128c227540dc4a41b4b5524b9', '2026-03-26 18:18:21');
INSERT INTO votos_registrados (id_votacion, id_usuario, fecha_participacion) VALUES (7, 29, '2026-04-03 23:14:50');
INSERT INTO votos_anonimos (id_votacion, id_opcion, hash_integridad, fecha_voto) VALUES (7, 16, 'a00fec0c0b58487a4fd197bef50fe7b58425696ee407a8ebeb2437d318bfba5c', '2026-04-03 23:14:50');